timestamp,value,anomaly_score,raw_score,label,S(t)_reward_low_FP_rate,S(t)_reward_low_FN_rate,S(t)_standard
2015-09-08 11:39:00,73,0.0,1.0,0,0.0,0.0,0.0
2015-09-08 11:44:00,62,0.0,1.0,0,0.0,0.0,0.0
2015-09-08 11:59:00,66,0.0,1.0,0,0.0,0.0,0.0
2015-09-08 12:19:00,69,0.0,0.975000023842,0,0.0,0.0,0.0
2015-09-08 12:24:00,65,0.0,0.925000011921,0,0.0,0.0,0.0
2015-09-08 12:27:00,76,0.0,0.47499999404,0,0.0,0.0,0.0
2015-09-08 12:32:00,65,0.0,0.649999976158,0,0.0,0.0,0.0
2015-09-08 12:46:00,62,0.0,0.524999976158,0,0.0,0.0,0.0
2015-09-08 12:51:00,61,0.0,0.574999988079,0,0.0,0.0,0.0
2015-09-08 13:01:00,65,0.0,0.550000011921,0,0.0,0.0,0.0
2015-09-08 13:21:00,68,0.0,0.25,0,0.0,0.0,0.0
2015-09-08 13:26:00,66,0.0,0.524999976158,0,0.0,0.0,0.0
2015-09-08 13:31:00,67,0.0,0.10000000149,0,0.0,0.0,0.0
2015-09-08 13:36:00,65,0.0,0.0250000003725,0,0.0,0.0,0.0
2015-09-08 13:41:00,67,0.0,0.0,0,0.0,0.0,0.0
2015-09-08 13:46:00,67,0.0,0.0,0,0.0,0.0,0.0
2015-09-08 13:56:00,69,0.0,0.10000000149,0,0.0,0.0,0.0
2015-09-08 14:11:00,68,0.0,0.10000000149,0,0.0,0.0,0.0
2015-09-08 14:16:00,68,0.0,0.0,0,0.0,0.0,0.0
2015-09-08 14:21:00,67,0.0,0.0,0,0.0,0.0,0.0
2015-09-08 14:46:00,66,0.0301029996659,0.0250000003725,0,0.0,0.0,0.0
2015-09-08 14:51:00,68,0.0301029996659,0.0500000007451,0,0.0,0.0,0.0
2015-09-08 15:16:00,69,0.0301029996659,0.0750000029802,0,0.0,0.0,0.0
2015-09-08 15:21:00,65,0.0301029996659,0.0750000029802,0,0.0,0.0,0.0
2015-09-08 15:26:00,70,0.0301029996659,0.125,0,0.0,0.0,0.0
2015-09-08 15:29:00,66,0.0301029996659,0.10000000149,0,0.0,0.0,0.0
2015-09-08 15:41:00,65,0.0301029996659,0.10000000149,0,0.0,0.0,0.0
2015-09-08 16:15:00,64,0.0301029996659,0.17499999702,0,0.0,0.0,0.0
2015-09-08 16:31:00,66,0.0301029996659,0.20000000298,0,0.0,0.0,0.0
2015-09-08 16:36:00,69,0.0301029996659,0.25,0,0.0,0.0,0.0
2015-09-08 16:41:00,64,0.0301029996659,0.15000000596,0,0.0,0.0,0.0
2015-09-08 16:56:00,69,0.0301029996659,0.0500000007451,0,0.0,0.0,0.0
2015-09-08 17:11:00,65,0.0301029996659,0.0,0,0.0,0.0,0.0
2015-09-08 17:16:00,68,0.0301029996659,0.10000000149,0,0.0,0.0,0.0
2015-09-08 17:21:00,67,0.0301029996659,0.0250000003725,0,0.0,0.0,0.0
2015-09-08 17:26:00,69,0.0301029996659,0.20000000298,0,0.0,0.0,0.0
2015-09-08 17:31:00,66,0.0301029996659,0.0250000003725,0,0.0,0.0,0.0
2015-09-08 17:36:00,69,0.0301029996659,0.20000000298,0,0.0,0.0,0.0
2015-09-08 17:41:00,66,0.0301029996659,0.0,0,0.0,0.0,0.0
2015-09-08 17:46:00,65,0.0301029996659,0.22499999404,0,0.0,0.0,0.0
2015-09-08 17:51:00,66,0.0301029996659,0.20000000298,0,0.0,0.0,0.0
2015-09-08 17:56:00,65,0.0301029996659,0.125,0,0.0,0.0,0.0
2015-09-08 17:57:00,64,0.0301029996659,0.10000000149,0,0.0,0.0,0.0
2015-09-08 18:36:00,70,0.0301029996659,0.10000000149,0,0.0,0.0,0.0
2015-09-08 18:46:00,69,0.0301029996659,0.10000000149,0,0.0,0.0,0.0
2015-09-08 18:51:00,66,0.0301029996659,0.10000000149,0,0.0,0.0,0.0
2015-09-08 18:56:00,68,0.0301029996659,0.0750000029802,0,0.0,0.0,0.0
2015-09-08 19:06:00,71,0.0301029996659,0.0750000029802,0,0.0,0.0,0.0
2015-09-08 20:11:00,63,0.0301029996659,0.27500000596,0,0.0,0.0,0.0
2015-09-08 20:31:00,67,0.0301029996659,0.20000000298,0,0.0,0.0,0.0
2015-09-08 20:41:00,62,0.0301029996659,0.20000000298,0,0.0,0.0,0.0
2015-09-08 20:51:00,64,0.0301029996659,1.0,0,0.0,0.0,0.0
2015-09-08 21:01:00,59,0.0301029996659,0.20000000298,0,0.0,0.0,0.0
2015-09-08 21:06:00,65,0.0301029996659,0.75,0,0.0,0.0,0.0
2015-09-08 21:31:00,58,0.0301029996659,0.125,0,0.0,0.0,0.0
2015-09-08 21:41:00,64,0.0301029996659,0.40000000596,0,0.0,0.0,0.0
2015-09-08 22:31:00,63,0.0301029996659,0.0750000029802,0,0.0,0.0,0.0
2015-09-08 22:41:00,66,0.0301029996659,0.125,0,0.0,0.0,0.0
2015-09-08 23:16:00,66,0.0301029996659,0.20000000298,0,0.0,0.0,0.0
2015-09-08 23:31:00,60,0.0301029996659,0.47499999404,0,0.0,0.0,0.0
2015-09-09 00:06:00,57,0.0301029996659,0.449999988079,0,0.0,0.0,0.0
2015-09-09 01:16:00,58,0.0301029996659,0.625,0,0.0,0.0,0.0
2015-09-09 07:34:00,69,0.0301029996659,0.875,0,0.0,0.0,0.0
2015-09-09 09:20:00,70,0.0301029996659,0.10000000149,0,0.0,0.0,0.0
2015-09-09 09:58:00,66,0.0301029996659,0.125,0,0.0,0.0,0.0
2015-09-09 10:23:00,68,0.0301029996659,0.0250000003725,0,0.0,0.0,0.0
2015-09-09 10:33:00,65,0.0301029996659,0.0500000007451,0,0.0,0.0,0.0
2015-09-09 10:38:00,68,0.0301029996659,0.0,0,0.0,0.0,0.0
2015-09-09 10:43:00,68,0.0301029996659,0.0500000007451,0,0.0,0.0,0.0
2015-09-09 10:48:00,70,0.0301029996659,0.0750000029802,0,0.0,0.0,0.0
2015-09-09 10:53:00,67,0.0301029996659,0.0250000003725,0,0.0,0.0,0.0
2015-09-09 11:03:00,73,0.0301029996659,0.10000000149,0,0.0,0.0,0.0
2015-09-09 11:08:00,77,0.0301029996659,0.22499999404,0,0.0,0.0,0.0
2015-09-09 11:13:00,75,0.0301029996659,0.125,0,0.0,0.0,0.0
2015-09-09 11:18:00,71,0.0301029996659,0.0500000007451,0,0.0,0.0,0.0
2015-09-09 11:23:00,73,0.0301029996659,0.15000000596,0,0.0,0.0,0.0
2015-09-09 11:43:00,68,0.0301029996659,0.0250000003725,0,0.0,0.0,0.0
2015-09-09 11:48:00,58,0.0301029996659,0.22499999404,0,0.0,0.0,0.0
2015-09-09 12:03:00,65,0.0301029996659,0.0250000003725,0,0.0,0.0,0.0
2015-09-09 12:13:00,65,0.0301029996659,0.0250000003725,0,0.0,0.0,0.0
2015-09-09 12:33:00,65,0.0301029996659,0.0250000003725,0,0.0,0.0,0.0
2015-09-09 12:48:00,66,0.0301029996659,0.0250000003725,0,0.0,0.0,0.0
2015-09-09 13:08:00,74,0.0301029996659,0.10000000149,0,0.0,0.0,0.0
2015-09-09 13:33:00,64,0.0301029996659,0.0,0,0.0,0.0,0.0
2015-09-09 13:38:00,68,0.0301029996659,0.0250000003725,0,0.0,0.0,0.0
2015-09-09 13:43:00,65,0.0301029996659,0.0,0,0.0,0.0,0.0
2015-09-09 13:48:00,69,0.0301029996659,0.0,0,0.0,0.0,0.0
2015-09-09 13:53:00,70,0.0301029996659,0.0,0,0.0,0.0,0.0
2015-09-09 13:58:00,64,0.0301029996659,0.0,0,0.0,0.0,0.0
2015-09-09 14:08:00,65,0.0301029996659,0.0,0,0.0,0.0,0.0
2015-09-09 14:13:00,67,0.0301029996659,0.0,0,0.0,0.0,0.0
2015-09-09 14:38:00,68,0.0301029996659,0.0,0,0.0,0.0,0.0
2015-09-09 14:48:00,66,0.0301029996659,0.0,0,0.0,0.0,0.0
2015-09-09 14:53:00,63,0.0301029996659,0.0250000003725,0,0.0,0.0,0.0
2015-09-09 15:03:00,68,0.0301029996659,0.0,0,0.0,0.0,0.0
2015-09-09 15:08:00,68,0.0301029996659,0.0,0,0.0,0.0,0.0
2015-09-09 15:13:00,73,0.0301029996659,0.0,0,0.0,0.0,0.0
2015-09-09 15:18:00,79,0.0301029996659,0.10000000149,0,0.0,0.0,0.0
2015-09-09 15:23:00,64,0.0301029996659,0.0250000003725,0,0.0,0.0,0.0
2015-09-09 15:28:00,67,0.0301029996659,0.0,0,0.0,0.0,0.0
2015-09-09 15:38:00,62,0.0301029996659,0.0250000003725,0,0.0,0.0,0.0
2015-09-09 15:43:00,68,0.0301029996659,0.0,0,0.0,0.0,0.0
2015-09-09 15:48:00,70,0.0301029996659,0.0,0,0.0,0.0,0.0
2015-09-09 16:08:00,67,0.0301029996659,0.0,0,0.0,0.0,0.0
2015-09-09 16:13:00,70,0.0301029996659,0.0,0,0.0,0.0,0.0
2015-09-09 16:23:00,65,0.0301029996659,0.0250000003725,0,0.0,0.0,0.0
2015-09-09 16:33:00,67,0.0301029996659,0.0250000003725,0,0.0,0.0,0.0
2015-09-09 16:43:00,71,0.0301029996659,0.0,0,0.0,0.0,0.0
2015-09-09 16:48:00,69,0.0301029996659,0.0,0,0.0,0.0,0.0
2015-09-09 16:53:00,64,0.0301029996659,0.0500000007451,0,0.0,0.0,0.0
2015-09-09 16:58:00,63,0.0301029996659,0.0250000003725,0,0.0,0.0,0.0
2015-09-09 17:03:00,62,0.0301029996659,0.0,0,0.0,0.0,0.0
2015-09-09 17:08:00,55,0.0301029996659,0.10000000149,0,0.0,0.0,0.0
2015-09-09 17:13:00,48,0.0301029996659,0.375,0,0.0,0.0,0.0
2015-09-09 17:18:00,56,0.0301029996659,0.22499999404,0,0.0,0.0,0.0
2015-09-09 17:23:00,51,0.0301029996659,0.27500000596,0,0.0,0.0,0.0
2015-09-09 17:28:00,60,0.0301029996659,0.125,0,0.0,0.0,0.0
2015-09-09 17:33:00,43,0.0301029996659,0.40000000596,0,0.0,0.0,0.0
2015-09-09 17:38:00,62,0.0301029996659,0.425000011921,0,0.0,0.0,0.0
2015-09-09 17:43:00,70,0.0301029996659,0.0,0,0.0,0.0,0.0
2015-09-09 17:48:00,65,0.0301029996659,0.0250000003725,0,0.0,0.0,0.0
2015-09-09 17:58:00,70,0.0301029996659,0.0,0,0.0,0.0,0.0
2015-09-09 18:03:00,67,0.0301029996659,0.0,0,0.0,0.0,0.0
2015-09-09 18:13:00,70,0.0301029996659,0.0,0,0.0,0.0,0.0
2015-09-09 18:18:00,67,0.0301029996659,0.0,0,0.0,0.0,0.0
2015-09-09 18:23:00,69,0.0301029996659,0.0,0,0.0,0.0,0.0
2015-09-09 18:28:00,69,0.0301029996659,0.0,0,0.0,0.0,0.0
2015-09-09 18:38:00,68,0.0301029996659,0.0,0,0.0,0.0,0.0
2015-09-09 18:43:00,67,0.0301029996659,0.0,0,0.0,0.0,0.0
2015-09-09 19:03:00,66,0.0301029996659,0.0,0,0.0,0.0,0.0
2015-09-09 19:38:00,63,0.0301029996659,0.0250000003725,0,0.0,0.0,0.0
2015-09-09 19:48:00,68,0.0301029996659,0.0,0,0.0,0.0,0.0
2015-09-09 20:03:00,68,0.0301029996659,0.0,0,0.0,0.0,0.0
2015-09-09 20:13:00,65,0.0301029996659,0.0,0,0.0,0.0,0.0
2015-09-09 20:18:00,60,0.0301029996659,0.0250000003725,0,0.0,0.0,0.0
2015-09-09 20:23:00,65,0.0301029996659,0.0,0,0.0,0.0,0.0
2015-09-09 20:38:00,64,0.0301029996659,0.0750000029802,0,0.0,0.0,0.0
2015-09-09 20:58:00,57,0.0301029996659,0.22499999404,0,0.0,0.0,0.0
2015-09-09 21:13:00,57,0.0301029996659,0.20000000298,0,0.0,0.0,0.0
2015-09-09 21:28:00,62,0.0301029996659,0.20000000298,0,0.0,0.0,0.0
2015-09-09 21:33:00,55,0.0301029996659,0.375,0,0.0,0.0,0.0
2015-09-09 21:48:00,61,0.0301029996659,0.20000000298,0,0.0,0.0,0.0
2015-09-09 21:53:00,61,0.0301029996659,0.15000000596,0,0.0,0.0,0.0
2015-09-09 22:33:00,58,0.0301029996659,0.324999988079,0,0.0,0.0,0.0
2015-09-09 22:41:00,65,0.0301029996659,0.125,0,0.0,0.0,0.0
2015-09-09 23:38:00,65,0.0301029996659,0.0750000029802,0,0.0,0.0,0.0
2015-09-09 23:53:00,62,0.0301029996659,0.10000000149,0,0.0,0.0,0.0
2015-09-10 05:33:00,68,0.0301029996659,0.17499999702,0,0.0,0.0,0.0
2015-09-10 05:45:00,61,0.0301029996659,0.449999988079,0,0.0,0.0,0.0
2015-09-10 08:00:00,62,0.0301029996659,0.574999988079,0,0.0,0.0,0.0
2015-09-10 08:18:00,73,0.0301029996659,0.125,0,0.0,0.0,0.0
2015-09-10 08:33:00,70,0.0301029996659,0.125,0,0.0,0.0,0.0
2015-09-10 08:43:00,65,0.0301029996659,0.0250000003725,0,0.0,0.0,0.0
2015-09-10 08:53:00,65,0.0301029996659,0.0250000003725,0,0.0,0.0,0.0
2015-09-10 09:13:00,61,0.0301029996659,0.10000000149,0,0.0,0.0,0.0
2015-09-10 09:23:00,64,0.0301029996659,0.0,0,0.0,0.0,0.0
2015-09-10 09:28:00,62,0.0301029996659,0.0500000007451,0,0.0,0.0,0.0
2015-09-10 09:48:00,75,0.0301029996659,0.10000000149,0,0.0,0.0,0.0
2015-09-10 09:52:00,66,0.0301029996659,0.0,0,0.0,0.0,0.0
2015-09-10 10:02:00,71,0.0301029996659,0.0250000003725,0,0.0,0.0,0.0
2015-09-10 10:07:00,66,0.0301029996659,0.0250000003725,0,0.0,0.0,0.0
2015-09-10 10:22:00,67,0.0301029996659,0.0500000007451,0,0.0,0.0,0.0
2015-09-10 10:27:00,65,0.0301029996659,0.0,0,0.0,0.0,0.0
2015-09-10 10:32:00,67,0.0301029996659,0.0250000003725,0,0.0,0.0,0.0
2015-09-10 10:42:00,67,0.0301029996659,0.0500000007451,0,0.0,0.0,0.0
2015-09-10 10:47:00,65,0.0301029996659,0.0,0,0.0,0.0,0.0
2015-09-10 10:52:00,68,0.0301029996659,0.0250000003725,0,0.0,0.0,0.0
2015-09-10 11:27:00,64,0.0301029996659,0.0,0,0.0,0.0,0.0
2015-09-10 11:37:00,72,0.0301029996659,0.0250000003725,0,0.0,0.0,0.0
2015-09-10 11:42:00,62,0.0121532329213,0.0250000003725,0,0.0,0.0,0.0
2015-09-10 11:47:00,72,0.0128534534676,0.0250000003725,0,0.0,0.0,0.0
2015-09-10 11:52:00,72,0.0121532329213,0.0,0,0.0,0.0,0.0
2015-09-10 11:57:00,68,0.0108388178336,0.0,0,0.0,0.0,0.0
2015-09-10 12:07:00,64,0.0108388178336,0.0,0,0.0,0.0,0.0
2015-09-10 12:12:00,63,0.0102232474857,0.0,0,0.0,0.0,0.0
2015-09-10 12:37:00,65,0.0102232474857,0.0,0,0.0,0.0,0.0
2015-09-10 12:42:00,72,0.00963451030183,0.0,0,0.0,0.0,0.0
2015-09-10 12:57:00,67,0.0090719076874,0.0,0,0.0,0.0,0.0
2015-09-10 13:07:00,66,0.00853473795863,0.0,0,0.0,0.0,0.0
2015-09-10 13:17:00,71,0.00853473795863,0.0,0,0.0,0.0,0.0
2015-09-10 13:32:00,71,0.00853473795863,0.0,0,0.0,0.0,0.0
2015-09-10 13:42:00,67,0.00853473795863,0.0,0,0.0,0.0,0.0
2015-09-10 13:47:00,68,0.00853473795863,0.0,0,0.0,0.0,0.0
2015-09-10 14:02:00,65,0.00853473795863,0.0,0,0.0,0.0,0.0
2015-09-10 14:07:00,70,0.00853473795863,0.0,0,0.0,0.0,0.0
2015-09-10 14:17:00,71,0.00853473795863,0.0,0,0.0,0.0,0.0
2015-09-10 14:32:00,65,0.00853473795863,0.0,0,0.0,0.0,0.0
2015-09-10 14:37:00,69,0.00853473795863,0.0,0,0.0,0.0,0.0
2015-09-10 14:42:00,69,0.00853473795863,0.0,0,0.0,0.0,0.0
2015-09-10 14:47:00,69,0.00853473795863,0.0,0,0.0,0.0,0.0
2015-09-10 14:57:00,69,0.00853473795863,0.0,0,0.0,0.0,0.0
2015-09-10 15:02:00,71,0.00853473795863,0.0,0,0.0,0.0,0.0
2015-09-10 15:07:00,64,0.00853473795863,0.0,0,0.0,0.0,0.0
2015-09-10 15:12:00,64,0.00853473795863,0.0,0,0.0,0.0,0.0
2015-09-10 15:17:00,66,0.00853473795863,0.0,0,0.0,0.0,0.0
2015-09-10 15:22:00,76,0.00853473795863,0.0,0,0.0,0.0,0.0
2015-09-10 15:27:00,64,0.00853473795863,0.0,0,0.0,0.0,0.0
2015-09-10 15:32:00,67,0.00853473795863,0.0,0,0.0,0.0,0.0
2015-09-10 15:37:00,64,0.00853473795863,0.0,0,0.0,0.0,0.0
2015-09-10 15:42:00,70,0.00853473795863,0.0,0,0.0,0.0,0.0
2015-09-10 15:47:00,70,0.0114996652044,0.0,0,0.0,0.0,0.0
2015-09-10 15:52:00,68,0.0114996652044,0.0,0,0.0,0.0,0.0
2015-09-10 15:57:00,69,0.0114996652044,0.0,0,0.0,0.0,0.0
2015-09-10 16:02:00,68,0.0114996652044,0.0,0,0.0,0.0,0.0
2015-09-10 16:12:00,68,0.0114996652044,0.0,0,0.0,0.0,0.0
2015-09-10 16:17:00,69,0.0114996652044,0.0,0,0.0,0.0,0.0
2015-09-10 16:22:00,63,0.0114996652044,0.0,0,0.0,0.0,0.0
2015-09-10 16:27:00,67,0.0114996652044,0.0,0,0.0,0.0,0.0
2015-09-10 16:32:00,66,0.0114996652044,0.0,0,0.0,0.0,0.0
2015-09-10 16:37:00,68,0.0114996652044,0.0,0,0.0,0.0,0.0
2015-09-10 16:42:00,66,0.0114996652044,0.0,0,0.0,0.0,0.0
2015-09-10 16:47:00,67,0.0114996652044,0.0,0,0.0,0.0,0.0
2015-09-10 16:52:00,67,0.0114996652044,0.0,0,0.0,0.0,0.0
2015-09-10 16:57:00,68,0.0114996652044,0.0,0,0.0,0.0,0.0
2015-09-10 17:02:00,64,0.0114996652044,0.0,0,0.0,0.0,0.0
2015-09-10 17:07:00,67,0.0114996652044,0.0,0,0.0,0.0,0.0
2015-09-10 17:12:00,62,0.0114996652044,0.0,0,0.0,0.0,0.0
2015-09-10 17:17:00,67,0.0114996652044,0.0,0,0.0,0.0,0.0
2015-09-10 17:22:00,66,0.0114996652044,0.0,0,0.0,0.0,0.0
2015-09-10 17:32:00,66,0.0114996652044,0.0,0,0.0,0.0,0.0
2015-09-10 17:37:00,67,0.0114996652044,0.0,0,0.0,0.0,0.0
2015-09-10 17:42:00,62,0.0114996652044,0.0,0,0.0,0.0,0.0
2015-09-10 17:47:00,63,0.0114996652044,0.0,0,0.0,0.0,0.0
2015-09-10 17:52:00,66,0.0114996652044,0.0,0,0.0,0.0,0.0
2015-09-10 18:07:00,69,0.0114996652044,0.0,0,0.0,0.0,0.0
2015-09-10 18:12:00,70,0.0114996652044,0.0,0,0.0,0.0,0.0
2015-09-10 18:17:00,70,0.0114996652044,0.0,0,0.0,0.0,0.0
2015-09-10 18:22:00,67,0.0114996652044,0.0,0,0.0,0.0,0.0
2015-09-10 18:37:00,66,0.0114996652044,0.0,0,0.0,0.0,0.0
2015-09-10 18:42:00,68,0.0114996652044,0.0,0,0.0,0.0,0.0
2015-09-10 18:47:00,71,0.0114996652044,0.0,0,0.0,0.0,0.0
2015-09-10 18:52:00,62,0.0114996652044,0.0,0,0.0,0.0,0.0
2015-09-10 18:57:00,68,0.0114996652044,0.0,0,0.0,0.0,0.0
2015-09-10 19:32:00,62,0.012214994642,0.0250000003725,0,0.0,0.0,0.0
2015-09-10 19:37:00,64,0.012214994642,0.0,0,0.0,0.0,0.0
2015-09-10 19:47:00,69,0.012214994642,0.0,0,0.0,0.0,0.0
2015-09-10 19:57:00,63,0.012214994642,0.0,0,0.0,0.0,0.0
2015-09-10 20:02:00,64,0.012214994642,0.0,0,0.0,0.0,0.0
2015-09-10 21:02:00,62,0.0145605818119,0.0750000029802,0,0.0,0.0,0.0
2015-09-10 21:12:00,69,0.0154116681019,0.0250000003725,0,0.0,0.0,0.0
2015-09-10 21:27:00,65,0.0191831141424,0.10000000149,0,0.0,0.0,0.0
2015-09-10 21:57:00,56,0.0300185381361,0.25,0,0.0,0.0,0.0
2015-09-10 22:12:00,64,0.0314395101945,0.0250000003725,0,0.0,0.0,0.0
2015-09-10 23:42:00,70,0.0329062594243,0.0250000003725,0,0.0,0.0,0.0
2015-09-10 23:47:00,61,0.0375871698062,0.0750000029802,0,0.0,0.0,0.0
2015-09-11 05:27:00,64,0.0445045506065,0.10000000149,0,0.0,0.0,0.0
2015-09-11 05:47:00,68,0.0502184178989,0.15000000596,0,0.0,0.0,0.0
2015-09-11 06:17:00,65,0.0630549659519,0.17499999702,0,0.0,0.0,0.0
2015-09-11 06:37:00,70,0.0630549659519,0.10000000149,0,0.0,0.0,0.0
2015-09-11 06:42:00,65,0.0463582456073,0.0500000007451,0,0.0,0.0,0.0
2015-09-11 06:57:00,65,0.0502184178989,0.0750000029802,0,0.0,0.0,0.0
2015-09-11 07:07:00,70,0.0542855064665,0.0750000029802,0,0.0,0.0,0.0
2015-09-11 07:12:00,73,0.0607821065255,0.15000000596,0,0.0,0.0,0.0
2015-09-11 07:32:00,69,0.0607821065255,0.10000000149,0,0.0,0.0,0.0
2015-09-11 07:42:00,68,0.0502184178989,0.0250000003725,0,0.0,0.0,0.0
2015-09-11 08:12:00,65,0.0392429614467,0.0250000003725,0,0.0,0.0,0.0
2015-09-11 08:42:00,68,0.0329062599793,0.0,0,0.0,0.0,0.0
2015-09-11 08:47:00,69,0.030018538657,0.0,0,0.0,0.0,0.0
2015-09-11 09:12:00,71,0.0260240196006,0.0,0,0.0,0.0,0.0
2015-09-11 09:17:00,70,0.0224183819788,0.0,0,0.0,0.0,0.0
2015-09-11 09:27:00,64,0.0162986899007,0.0,0,0.0,0.0,0.0
2015-09-11 09:32:00,68,0.0129630482362,0.0,0,0.0,0.0,0.0
2015-09-11 09:37:00,70,0.012214994642,0.0,0,0.0,0.0,0.0
2015-09-11 09:52:00,66,0.0114996652044,0.0,0,0.0,0.0,0.0
2015-09-11 09:57:00,71,0.012214994642,0.0250000003725,0,0.0,0.0,0.0
2015-09-11 10:07:00,68,0.012214994642,0.0,0,0.0,0.0,0.0
2015-09-11 10:27:00,63,0.012214994642,0.0,0,0.0,0.0,0.0
2015-09-11 10:39:00,66,0.012214994642,0.0,0,0.0,0.0,0.0
2015-09-11 10:49:00,65,0.012214994642,0.0,0,0.0,0.0,0.0
2015-09-11 11:19:00,69,0.012214994642,0.0,0,0.0,0.0,0.0
2015-09-11 11:29:00,70,0.012214994642,0.0,0,0.0,0.0,0.0
2015-09-11 11:34:00,67,0.012214994642,0.0,0,0.0,0.0,0.0
2015-09-11 11:39:00,63,0.0114996652044,0.0,0,0.0,0.0,0.0
2015-09-11 11:44:00,68,0.0114996652044,0.0,0,0.0,0.0,0.0
2015-09-11 11:54:00,71,0.0114996652044,0.0,0,0.0,0.0,0.0
2015-09-11 12:04:00,60,0.0114996652044,0.0,0,0.0,0.0,0.0
2015-09-11 12:14:00,81,0.012214994642,0.0250000003725,0,0.0,0.0,0.0
2015-09-11 12:39:00,69,0.012214994642,0.0,0,0.0,0.0,0.0
2015-09-11 12:44:00,71,0.012214994642,0.0,0,0.0,0.0,0.0
2015-09-11 12:49:00,64,0.012214994642,0.0,0,0.0,0.0,0.0
2015-09-11 12:54:00,65,0.012214994642,0.0,0,0.0,0.0,0.0
2015-09-11 12:59:00,69,0.012214994642,0.0,0,0.0,0.0,0.0
2015-09-11 13:09:00,66,0.012214994642,0.0,0,0.0,0.0,0.0
2015-09-11 13:24:00,65,0.012214994642,0.0,0,0.0,0.0,0.0
2015-09-11 13:29:00,67,0.0114996652044,0.0,0,0.0,0.0,0.0
2015-09-11 13:39:00,67,0.0114996652044,0.0,0,0.0,0.0,0.0
2015-09-11 13:44:00,66,0.0114996652044,0.0,0,0.0,0.0,0.0
2015-09-11 13:49:00,69,0.0114996652044,0.0,0,0.0,0.0,0.0
2015-09-11 13:54:00,70,0.0114996652044,0.0,0,0.0,0.0,0.0
2015-09-11 14:04:00,65,0.0114996652044,0.0,0,0.0,0.0,0.0
2015-09-11 14:14:00,68,0.0114996652044,0.0,0,0.0,0.0,0.0
2015-09-11 14:19:00,68,0.0114996652044,0.0,0,0.0,0.0,0.0
2015-09-11 14:24:00,66,0.0114996652044,0.0,0,0.0,0.0,0.0
2015-09-11 14:29:00,67,0.0114996652044,0.0,0,0.0,0.0,0.0
2015-09-11 14:39:00,66,0.0114996652044,0.0,0,0.0,0.0,0.0
2015-09-11 14:44:00,67,0.0114996652044,0.0,0,0.0,0.0,0.0
2015-09-11 14:54:00,66,0.0114996652044,0.0,0,0.0,0.0,0.0
2015-09-11 14:59:00,65,0.0114996652044,0.0,0,0.0,0.0,0.0
2015-09-11 15:09:00,69,0.0114996652044,0.0,0,0.0,0.0,0.0
2015-09-11 15:14:00,69,0.0114996652044,0.0,0,0.0,0.0,0.0
2015-09-11 15:19:00,70,0.0140197520784,0.0,0,0.0,0.0,0.0
2015-09-11 15:24:00,67,0.0140197520784,0.0,0,0.0,0.0,0.0
2015-09-11 15:29:00,68,0.0140197520784,0.0,0,0.0,0.0,0.0
2015-09-11 15:34:00,64,0.0140197520784,0.0,1,-1.0,-2.0,-1.0
2015-09-11 15:39:00,66,0.0140197520784,0.0,1,0.0,0.0,0.0
2015-09-11 15:44:00,66,0.0140197520784,0.0,1,0.0,0.0,0.0
2015-09-11 15:49:00,62,0.0140197520784,0.0,1,0.0,0.0,0.0
2015-09-11 15:54:00,66,0.0140197520784,0.0,1,0.0,0.0,0.0
2015-09-11 15:59:00,60,0.0140197520784,0.0,1,0.0,0.0,0.0
2015-09-11 16:04:00,66,0.0140197520784,0.0,1,0.0,0.0,0.0
2015-09-11 16:09:00,68,0.0140197520784,0.0,1,0.0,0.0,0.0
2015-09-11 16:14:00,64,0.0140197520784,0.0,1,0.0,0.0,0.0
2015-09-11 16:19:00,66,0.0140197520784,0.0,1,0.0,0.0,0.0
2015-09-11 16:24:00,60,0.0140197520784,0.0,1,0.0,0.0,0.0
2015-09-11 16:29:00,70,0.0140197520784,0.0,1,0.0,0.0,0.0
2015-09-11 16:34:00,65,0.0140197520784,0.0,1,0.0,0.0,0.0
2015-09-11 16:39:00,59,0.0140197520784,0.0,1,0.0,0.0,0.0
2015-09-11 16:44:00,23,0.0332934937846,0.34999999404,1,0.0,0.0,0.0
2015-09-11 16:49:00,52,0.0390482795725,0.0750000029802,1,0.0,0.0,0.0
2015-09-11 16:54:00,56,0.0390482795725,0.0,1,0.0,0.0,0.0
2015-09-11 16:59:00,67,0.0390482795725,0.0,1,0.0,0.0,0.0
2015-09-11 17:04:00,63,0.0390482795725,0.0,1,0.0,0.0,0.0
2015-09-11 17:09:00,61,0.0390482795725,0.0,1,0.0,0.0,0.0
2015-09-11 17:14:00,65,0.0390482795725,0.0,1,0.0,0.0,0.0
2015-09-11 17:19:00,63,0.0390482795725,0.0,1,0.0,0.0,0.0
2015-09-11 17:24:00,62,0.0171913587554,0.0,1,0.0,0.0,0.0
2015-09-11 17:29:00,66,0.0140197520784,0.0,1,0.0,0.0,0.0
2015-09-11 17:34:00,62,0.0140197520784,0.0,1,0.0,0.0,0.0
2015-09-11 17:39:00,70,0.0140197520784,0.0,1,0.0,0.0,0.0
2015-09-11 17:44:00,68,0.0140197520784,0.0,1,0.0,0.0,0.0
2015-09-11 17:49:00,69,0.0140197520784,0.0,1,0.0,0.0,0.0
2015-09-11 17:54:00,69,0.0140197520784,0.0,1,0.0,0.0,0.0
2015-09-11 17:59:00,69,0.0140197520784,0.0,0,0.0,0.0,0.0
2015-09-11 18:04:00,64,0.0140197520784,0.0,0,0.0,0.0,0.0
2015-09-11 18:09:00,68,0.0140197520784,0.0,0,0.0,0.0,0.0
2015-09-11 18:11:00,70,0.0140197520784,0.0,0,0.0,0.0,0.0
2015-09-11 18:16:00,65,0.0140197520784,0.0,0,0.0,0.0,0.0
2015-09-11 18:21:00,70,0.0140197520784,0.0,0,0.0,0.0,0.0
2015-09-11 18:26:00,67,0.0140197520784,0.0,0,0.0,0.0,0.0
2015-09-11 18:31:00,64,0.0140197520784,0.0,0,0.0,0.0,0.0
2015-09-11 18:36:00,67,0.0140197520784,0.0,0,0.0,0.0,0.0
2015-09-11 18:41:00,67,0.0140197520784,0.0,0,0.0,0.0,0.0
2015-09-11 18:51:00,68,0.0140197520784,0.0,0,0.0,0.0,0.0
2015-09-11 18:56:00,68,0.0140197520784,0.0,0,0.0,0.0,0.0
2015-09-11 19:01:00,68,0.0140197520784,0.0,0,0.0,0.0,0.0
2015-09-11 19:26:00,63,0.0140197520784,0.0,0,0.0,0.0,0.0
2015-09-11 19:41:00,62,0.0150245409485,0.0250000003725,0,0.0,0.0,0.0
2015-09-11 19:46:00,69,0.0150245409485,0.0,0,0.0,0.0,0.0
2015-09-11 20:01:00,61,0.0160812825472,0.0250000003725,0,0.0,0.0,0.0
2015-09-11 20:06:00,58,0.0208550768185,0.10000000149,0,0.0,0.0,0.0
2015-09-11 20:16:00,61,0.0221918537581,0.0250000003725,0,0.0,0.0,0.0
2015-09-11 20:26:00,63,0.0235885232864,0.0250000003725,0,0.0,0.0,0.0
2015-09-11 20:36:00,62,0.0265664514229,0.0500000007451,0,0.0,0.0,0.0
2015-09-11 20:46:00,66,0.0265664514229,0.0,0,0.0,0.0,0.0
2015-09-11 20:51:00,65,0.0250463200498,0.0,0,0.0,0.0,0.0
2015-09-11 21:01:00,60,0.0265664514229,0.0250000003725,0,0.0,0.0,0.0
2015-09-11 21:21:00,64,0.0265664514229,0.0250000003725,0,0.0,0.0,0.0
2015-09-11 21:51:00,59,0.0315125090723,0.17499999702,0,0.0,0.0,0.0
2015-09-11 21:56:00,56,0.0500712991005,0.25,0,0.0,0.0,0.0
2015-09-11 21:59:00,47,0.135202301446,0.649999976158,0,0.0,0.0,0.0
2015-09-11 22:16:00,60,0.372788350225,1.0,0,0.0,0.0,0.0
2015-09-11 22:41:00,56,0.44052955905,0.20000000298,0,0.0,0.0,0.0
2015-09-11 23:41:00,57,0.56410100719,0.324999988079,0,-0.218271723265,-0.109135861633,-0.109135861633
2015-09-12 00:16:00,79,0.0,0.47499999404,0,0.0,0.0,0.0
2015-09-12 00:46:00,62,0.0,0.925000011921,0,0.0,0.0,0.0
2015-09-12 02:56:00,64,0.0,0.15000000596,0,0.0,0.0,0.0
2015-09-12 03:41:00,58,0.0,0.40000000596,0,0.0,0.0,0.0
2015-09-12 05:06:00,78,0.0,0.725000023842,0,0.0,0.0,0.0
2015-09-12 06:51:00,75,0.0,0.125,0,0.0,0.0,0.0
2015-09-12 07:11:00,71,0.0,0.0250000003725,0,0.0,0.0,0.0
2015-09-12 07:41:00,70,0.0,0.0250000003725,0,0.0,0.0,0.0
2015-09-12 07:51:00,73,0.0,0.0,0,0.0,0.0,0.0
2015-09-12 08:01:00,70,0.0,0.0250000003725,0,0.0,0.0,0.0
2015-09-12 08:16:00,70,0.0,0.0250000003725,0,0.0,0.0,0.0
2015-09-12 08:46:00,80,0.0,0.17499999702,0,0.0,0.0,0.0
2015-09-12 08:56:00,66,0.0,0.10000000149,0,0.0,0.0,0.0
2015-09-12 09:16:00,68,0.0,0.0,0,0.0,0.0,0.0
2015-09-12 09:21:00,76,0.0,0.0250000003725,0,0.0,0.0,0.0
2015-09-12 09:26:00,66,0.0,0.0,0,0.0,0.0,0.0
2015-09-12 09:56:00,69,0.0,0.0,0,0.0,0.0,0.0
2015-09-12 10:06:00,69,0.0,0.0250000003725,0,0.0,0.0,0.0
2015-09-12 10:16:00,70,0.0,0.0,0,0.0,0.0,0.0
2015-09-12 10:46:00,72,0.0,0.0,0,0.0,0.0,0.0
2015-09-12 10:51:00,67,0.0160812825472,0.0,0,0.0,0.0,0.0
2015-09-12 10:56:00,71,0.0160812825472,0.0,0,0.0,0.0,0.0
2015-09-12 11:06:00,64,0.0150245409485,0.0,0,0.0,0.0,0.0
2015-09-12 11:31:00,67,0.0150245409485,0.0,0,0.0,0.0,0.0
2015-09-12 11:41:00,75,0.0160812825472,0.0250000003725,0,0.0,0.0,0.0
2015-09-12 11:46:00,68,0.0150245409485,0.0,0,0.0,0.0,0.0
2015-09-12 12:06:00,67,0.0150245409485,0.0,0,0.0,0.0,0.0
2015-09-12 12:11:00,71,0.0150245409485,0.0,0,0.0,0.0,0.0
2015-09-12 12:16:00,65,0.0150245409485,0.0,0,0.0,0.0,0.0
2015-09-12 12:26:00,67,0.0150245409485,0.0,0,0.0,0.0,0.0
2015-09-12 12:31:00,77,0.0171913586706,0.0500000007451,0,0.0,0.0,0.0
2015-09-12 12:36:00,67,0.0171913586706,0.0,0,0.0,0.0,0.0
2015-09-12 12:46:00,67,0.0160812825472,0.0,0,0.0,0.0,0.0
2015-09-12 12:51:00,68,0.0160812825472,0.0,0,0.0,0.0,0.0
2015-09-12 13:06:00,70,0.0160812825472,0.0,0,0.0,0.0,0.0
2015-09-12 13:11:00,67,0.0160812825472,0.0,0,0.0,0.0,0.0
2015-09-12 13:16:00,62,0.0160812825472,0.0,0,0.0,0.0,0.0
2015-09-12 13:21:00,67,0.0180947962284,0.0250000003725,0,0.0,0.0,0.0
2015-09-12 13:36:00,67,0.0164999594911,0.0,0,0.0,0.0,0.0
2015-09-12 13:41:00,65,0.0164999594911,0.0,0,0.0,0.0,0.0
2015-09-12 14:16:00,73,0.0164999594911,0.0,0,0.0,0.0,0.0
2015-09-12 14:21:00,69,0.0164999594911,0.0,0,0.0,0.0,0.0
2015-09-12 14:31:00,70,0.0164999594911,0.0,0,0.0,0.0,0.0
2015-09-12 14:41:00,70,0.0164999594911,0.0,0,0.0,0.0,0.0
2015-09-12 14:56:00,69,0.0164999594911,0.0,0,0.0,0.0,0.0
2015-09-12 15:01:00,72,0.0157421786772,0.0,0,0.0,0.0,0.0
2015-09-12 15:11:00,70,0.0157421786772,0.0,0,0.0,0.0,0.0
2015-09-12 15:16:00,64,0.0157421786772,0.0,0,0.0,0.0,0.0
2015-09-12 15:21:00,68,0.0157421786772,0.0,0,0.0,0.0,0.0
2015-09-12 15:31:00,66,0.0157421786772,0.0,0,0.0,0.0,0.0
2015-09-12 15:36:00,72,0.0157421786772,0.0,0,0.0,0.0,0.0
2015-09-12 15:41:00,71,0.0157421786772,0.0,0,0.0,0.0,0.0
2015-09-12 15:46:00,68,0.0157421786772,0.0,0,0.0,0.0,0.0
2015-09-12 15:51:00,66,0.0157421786772,0.0,0,0.0,0.0,0.0
2015-09-12 15:56:00,70,0.0157421786772,0.0,0,0.0,0.0,0.0
2015-09-12 16:01:00,68,0.0157421786772,0.0,0,0.0,0.0,0.0
2015-09-12 16:11:00,65,0.0157421786772,0.0,0,0.0,0.0,0.0
2015-09-12 16:16:00,72,0.0157421786772,0.0,0,0.0,0.0,0.0
2015-09-12 16:21:00,65,0.0157421786772,0.0,0,0.0,0.0,0.0
2015-09-12 16:31:00,71,0.0157421786772,0.0,0,0.0,0.0,0.0
2015-09-12 16:36:00,65,0.0157421786772,0.0,0,0.0,0.0,0.0
2015-09-12 16:41:00,64,0.0157421786772,0.0,0,0.0,0.0,0.0
2015-09-12 16:46:00,69,0.0157421786772,0.0,0,0.0,0.0,0.0
2015-09-12 16:51:00,68,0.0157421786772,0.0,0,0.0,0.0,0.0
2015-09-12 16:56:00,72,0.0157421786772,0.0,0,0.0,0.0,0.0
2015-09-12 17:01:00,71,0.0157421786772,0.0,0,0.0,0.0,0.0
2015-09-12 17:06:00,69,0.0157421786772,0.0,0,0.0,0.0,0.0
2015-09-12 17:21:00,71,0.0157421786772,0.0,0,0.0,0.0,0.0
2015-09-12 17:46:00,69,0.0157421786772,0.0,0,0.0,0.0,0.0
2015-09-12 18:21:00,73,0.0157421786772,0.0,0,0.0,0.0,0.0
2015-09-12 18:41:00,70,0.0157421786772,0.0,0,0.0,0.0,0.0
2015-09-12 19:01:00,68,0.0157421786772,0.0,0,0.0,0.0,0.0
2015-09-12 19:21:00,62,0.0164999594911,0.0250000003725,0,0.0,0.0,0.0
2015-09-12 19:26:00,69,0.0164999594911,0.0,0,0.0,0.0,0.0
2015-09-12 19:46:00,72,0.0164999594911,0.0,0,0.0,0.0,0.0
2015-09-12 19:51:00,65,0.0164999594911,0.0,0,0.0,0.0,0.0
2015-09-12 20:06:00,60,0.0172840115001,0.0250000003725,0,0.0,0.0,0.0
2015-09-12 20:31:00,62,0.0197983821812,0.0750000029802,0,0.0,0.0,0.0
2015-09-12 20:51:00,66,0.0197983821812,0.0,0,0.0,0.0,0.0
2015-09-12 21:21:00,68,0.0225654672699,0.0750000029802,0,0.0,0.0,0.0
2015-09-12 21:36:00,63,0.021614295703,0.0,0,0.0,0.0,0.0
2015-09-12 21:51:00,70,0.0225654672699,0.0250000003725,0,0.0,0.0,0.0
2015-09-12 22:46:00,74,0.026668114646,0.10000000149,0,0.0,0.0,0.0
2015-09-12 23:01:00,62,0.0289039277644,0.0500000007451,0,0.0,0.0,0.0
2015-09-12 23:06:00,59,0.0324970666448,0.10000000149,0,0.0,0.0,0.0
2015-09-12 23:31:00,59,0.0391486078603,0.20000000298,0,0.0,0.0,0.0
2015-09-13 06:31:00,62,0.0482768932251,0.15000000596,0,0.0,0.0,0.0
2015-09-13 07:51:00,70,0.0435525440903,0.0,0,0.0,0.0,0.0
2015-09-13 08:01:00,62,0.0450913146935,0.0250000003725,0,0.0,0.0,0.0
2015-09-13 08:26:00,67,0.0435525440903,0.0,0,0.0,0.0,0.0
2015-09-13 09:21:00,69,0.0377503560539,0.0,0,0.0,0.0,0.0
2015-09-13 09:26:00,72,0.0350564563278,0.0,0,0.0,0.0,0.0
2015-09-13 09:41:00,67,0.0300693384707,0.0,0,0.0,0.0,0.0
2015-09-13 10:06:00,69,0.021614295703,0.0,0,0.0,0.0,0.0
2015-09-13 10:11:00,72,0.0172840115001,0.0250000003725,0,0.0,0.0,0.0
2015-09-13 10:16:00,65,0.0172840115001,0.0,0,0.0,0.0,0.0
2015-09-13 10:46:00,76,0.0164999594911,0.0,0,0.0,0.0,0.0
2015-09-13 10:51:00,67,0.0164999594911,0.0,0,0.0,0.0,0.0
2015-09-13 10:56:00,72,0.0164999594911,0.0,0,0.0,0.0,0.0
2015-09-13 11:06:00,70,0.0164999594911,0.0,0,0.0,0.0,0.0
2015-09-13 11:11:00,65,0.0164999594911,0.0,0,0.0,0.0,0.0
2015-09-13 11:26:00,71,0.0164999594911,0.0,0,0.0,0.0,0.0
2015-09-13 11:31:00,69,0.0157421786772,0.0,0,0.0,0.0,0.0
2015-09-13 11:46:00,64,0.0157421786772,0.0,0,0.0,0.0,0.0
2015-09-13 11:51:00,67,0.0157421786772,0.0,0,0.0,0.0,0.0
2015-09-13 11:56:00,69,0.0157421786772,0.0,0,0.0,0.0,0.0
2015-09-13 12:06:00,66,0.0157421786772,0.0,0,0.0,0.0,0.0
2015-09-13 12:21:00,73,0.0157421786772,0.0,0,0.0,0.0,0.0
2015-09-13 12:26:00,70,0.0157421786772,0.0,0,0.0,0.0,0.0
2015-09-13 12:31:00,66,0.0157421786772,0.0,0,0.0,0.0,0.0
2015-09-13 12:41:00,66,0.0157421786772,0.0,0,0.0,0.0,0.0
2015-09-13 12:53:00,66,0.0157421786772,0.0,0,0.0,0.0,0.0
2015-09-13 12:58:00,70,0.0157421786772,0.0,0,0.0,0.0,0.0
2015-09-13 13:03:00,67,0.0157421786772,0.0,0,0.0,0.0,0.0
2015-09-13 13:08:00,72,0.0157421786772,0.0,0,0.0,0.0,0.0
2015-09-13 13:13:00,69,0.0157421786772,0.0,0,0.0,0.0,0.0
2015-09-13 13:18:00,66,0.0157421786772,0.0,0,0.0,0.0,0.0
2015-09-13 13:23:00,68,0.0157421786772,0.0,0,0.0,0.0,0.0
2015-09-13 13:28:00,65,0.0157421786772,0.0,0,0.0,0.0,0.0
2015-09-13 13:38:00,67,0.0157421786772,0.0,0,0.0,0.0,0.0
2015-09-13 13:43:00,64,0.0157421786772,0.0,0,0.0,0.0,0.0
2015-09-13 13:53:00,66,0.0157421786772,0.0,0,0.0,0.0,0.0
2015-09-13 13:58:00,68,0.0157421786772,0.0,0,0.0,0.0,0.0
2015-09-13 14:13:00,68,0.0157421786772,0.0,0,0.0,0.0,0.0
2015-09-13 14:23:00,67,0.0157421786772,0.0,0,0.0,0.0,0.0
2015-09-13 14:28:00,59,0.0157421786772,0.0,0,0.0,0.0,0.0
2015-09-13 14:38:00,64,0.0157421786772,0.0,0,0.0,0.0,0.0
2015-09-13 14:48:00,67,0.0157421786772,0.0,0,0.0,0.0,0.0
2015-09-13 14:53:00,65,0.0157421786772,0.0,0,0.0,0.0,0.0
2015-09-13 15:13:00,67,0.0157421786772,0.0,0,0.0,0.0,0.0
2015-09-13 15:23:00,66,0.0157421786772,0.0,0,0.0,0.0,0.0
2015-09-13 15:28:00,68,0.0157421786772,0.0,0,0.0,0.0,0.0
2015-09-13 15:33:00,66,0.0157421786772,0.0,0,0.0,0.0,0.0
2015-09-13 15:38:00,72,0.0157421786772,0.0,0,0.0,0.0,0.0
2015-09-13 15:43:00,71,0.0157421786772,0.0,0,0.0,0.0,0.0
2015-09-13 15:48:00,69,0.0157421786772,0.0,0,0.0,0.0,0.0
2015-09-13 16:03:00,61,0.0157421786772,0.0,0,0.0,0.0,0.0
2015-09-13 16:08:00,67,0.0168972641036,0.0,0,0.0,0.0,0.0
2015-09-13 16:18:00,66,0.0168972641036,0.0,0,0.0,0.0,0.0
2015-09-13 16:28:00,74,0.0168972641036,0.0,0,0.0,0.0,0.0
2015-09-13 16:48:00,65,0.0168972641036,0.0,0,0.0,0.0,0.0
2015-09-13 16:53:00,69,0.0168972641036,0.0,0,0.0,0.0,0.0
2015-09-13 16:58:00,64,0.0168972641036,0.0,0,0.0,0.0,0.0
2015-09-13 17:03:00,67,0.0168972641036,0.0,0,0.0,0.0,0.0
2015-09-13 17:13:00,69,0.0168972641036,0.0,0,0.0,0.0,0.0
2015-09-13 17:18:00,62,0.0168972641036,0.0,0,0.0,0.0,0.0
2015-09-13 17:23:00,63,0.0168972641036,0.0,0,0.0,0.0,0.0
2015-09-13 17:43:00,73,0.0168972641036,0.0,0,0.0,0.0,0.0
2015-09-13 17:48:00,64,0.0168972641036,0.0,0,0.0,0.0,0.0
2015-09-13 17:53:00,67,0.0168972641036,0.0,0,0.0,0.0,0.0
2015-09-13 17:58:00,65,0.0168972641036,0.0,0,0.0,0.0,0.0
2015-09-13 18:08:00,67,0.0168972641036,0.0,0,0.0,0.0,0.0
2015-09-13 18:18:00,65,0.0168972641036,0.0,0,0.0,0.0,0.0
2015-09-13 18:23:00,74,0.0168972641036,0.0,0,0.0,0.0,0.0
2015-09-13 18:33:00,65,0.0168972641036,0.0,0,0.0,0.0,0.0
2015-09-13 18:38:00,70,0.0168972641036,0.0,0,0.0,0.0,0.0
2015-09-13 18:43:00,70,0.0168972641036,0.0,0,0.0,0.0,0.0
2015-09-13 18:48:00,69,0.0168972641036,0.0,0,0.0,0.0,0.0
2015-09-13 18:58:00,69,0.0168972641036,0.0,0,0.0,0.0,0.0
2015-09-13 19:08:00,63,0.0168972641036,0.0,0,0.0,0.0,0.0
2015-09-13 19:13:00,63,0.0168972641036,0.0,0,0.0,0.0,0.0
2015-09-13 19:33:00,65,0.0168972641036,0.0,0,0.0,0.0,0.0
2015-09-13 19:43:00,56,0.0177891449342,0.0250000003725,0,0.0,0.0,0.0
2015-09-13 19:48:00,69,0.0177891449342,0.0,0,0.0,0.0,0.0
2015-09-13 20:13:00,63,0.0187146741079,0.0250000003725,0,0.0,0.0,0.0
2015-09-13 20:33:00,66,0.0196744799292,0.0250000003725,0,0.0,0.0,0.0
2015-09-13 20:43:00,66,0.0196744799292,0.0,0,0.0,0.0,0.0
2015-09-13 20:48:00,64,0.0206691816448,0.0250000003725,0,0.0,0.0,0.0
2015-09-13 21:08:00,68,0.0206691816448,0.0,0,0.0,0.0,0.0
2015-09-13 21:28:00,55,0.029954182875,0.20000000298,0,0.0,0.0,0.0
2015-09-13 22:48:00,75,0.0355395860103,0.125,0,0.0,0.0,0.0
2015-09-13 22:53:00,69,0.037039802521,0.0250000003725,0,0.0,0.0,0.0
2015-09-13 23:33:00,62,0.0385825346964,0.0500000007451,0,0.0,0.0,0.0
2015-09-14 00:33:00,68,0.0417974020905,0.0750000029802,0,0.0,0.0,0.0
2015-09-14 05:53:00,66,0.0451877977332,0.0500000007451,0,0.0,0.0,0.0
2015-09-14 06:18:00,66,0.0451877977332,0.0250000003725,0,0.0,0.0,0.0
2015-09-14 06:28:00,75,0.0506100078301,0.0750000029802,0,0.0,0.0,0.0
2015-09-14 06:48:00,65,0.0370398027477,0.0,0,0.0,0.0,0.0
2015-09-14 06:53:00,68,0.0312892099227,0.0250000003725,0,0.0,0.0,0.0
2015-09-14 06:58:00,71,0.0340814087105,0.0750000029802,0,0.0,0.0,0.0
2015-09-14 07:08:00,69,0.0355395865613,0.0750000029802,0,0.0,0.0,0.0
2015-09-14 07:28:00,67,0.0340814087105,0.0500000007451,0,0.0,0.0,0.0
2015-09-14 07:33:00,68,0.0326647824744,0.0250000003725,0,0.0,0.0,0.0
2015-09-14 07:38:00,67,0.0326647824744,0.0250000003725,0,0.0,0.0,0.0
2015-09-14 07:48:00,71,0.0312892099227,0.0500000007451,0,0.0,0.0,0.0
2015-09-14 07:58:00,67,0.0326647823704,0.0250000003725,0,0.0,0.0,0.0
2015-09-14 08:13:00,65,0.0326647823704,0.0250000003725,0,0.0,0.0,0.0
2015-09-14 08:28:00,66,0.02865918305,0.0,0,0.0,0.0,0.0
2015-09-14 08:33:00,64,0.0250090011422,0.0,0,0.0,0.0,0.0
2015-09-14 08:48:00,60,0.0227657028716,0.0,0,0.0,0.0,0.0
2015-09-14 08:53:00,69,0.0238687133176,0.0500000007451,0,0.0,0.0,0.0
2015-09-14 09:03:00,66,0.0227657028716,0.0,0,0.0,0.0,0.0
2015-09-14 09:08:00,73,0.0216993891743,0.0250000003725,0,0.0,0.0,0.0
2015-09-14 09:13:00,70,0.0206691816448,0.0,0,0.0,0.0,0.0
2015-09-14 09:23:00,72,0.0196744799292,0.0,0,0.0,0.0,0.0
2015-09-14 09:28:00,62,0.0196744799292,0.0,0,0.0,0.0,0.0
2015-09-14 09:33:00,70,0.0196744799292,0.0,0,0.0,0.0,0.0
2015-09-14 09:38:00,69,0.0196744799292,0.0,0,0.0,0.0,0.0
2015-09-14 09:43:00,69,0.0177891449342,0.0,0,0.0,0.0,0.0
2015-09-14 09:48:00,69,0.0177891449342,0.0,0,0.0,0.0,0.0
2015-09-14 09:53:00,71,0.0168972641036,0.0,0,0.0,0.0,0.0
2015-09-14 09:58:00,68,0.0168972641036,0.0,0,0.0,0.0,0.0
2015-09-14 10:13:00,63,0.0168972641036,0.0,0,0.0,0.0,0.0
2015-09-14 10:18:00,68,0.0168972641036,0.0,0,0.0,0.0,0.0
2015-09-14 10:23:00,68,0.0168972641036,0.0,0,0.0,0.0,0.0
2015-09-14 10:28:00,66,0.0168972641036,0.0,0,0.0,0.0,0.0
2015-09-14 10:33:00,70,0.0168972641036,0.0,0,0.0,0.0,0.0
2015-09-14 10:43:00,70,0.0168972641036,0.0,0,0.0,0.0,0.0
2015-09-14 10:48:00,65,0.0168972641036,0.0,0,0.0,0.0,0.0
2015-09-14 11:03:00,74,0.0177891449342,0.0250000003725,0,0.0,0.0,0.0
2015-09-14 11:13:00,67,0.0177891449342,0.0,0,0.0,0.0,0.0
2015-09-14 11:18:00,64,0.0177891449342,0.0,0,0.0,0.0,0.0
2015-09-14 11:23:00,70,0.0177891449342,0.0,0,0.0,0.0,0.0
2015-09-14 11:28:00,70,0.0177891449342,0.0,0,0.0,0.0,0.0
2015-09-14 11:33:00,66,0.0177891449342,0.0,0,0.0,0.0,0.0
2015-09-14 11:43:00,67,0.0177891449342,0.0,0,0.0,0.0,0.0
2015-09-14 12:03:00,63,0.0177891449342,0.0,0,0.0,0.0,0.0
2015-09-14 12:08:00,70,0.0168972641036,0.0,0,0.0,0.0,0.0
2015-09-14 12:13:00,63,0.0168972641036,0.0,0,0.0,0.0,0.0
2015-09-14 12:23:00,71,0.0168972641036,0.0,0,0.0,0.0,0.0
2015-09-14 12:28:00,62,0.0168972641036,0.0,0,0.0,0.0,0.0
2015-09-14 12:38:00,67,0.0168972641036,0.0,0,0.0,0.0,0.0
2015-09-14 12:43:00,68,0.0168972641036,0.0,0,0.0,0.0,0.0
2015-09-14 12:48:00,73,0.0168972641036,0.0,0,0.0,0.0,0.0
2015-09-14 12:53:00,67,0.0168972641036,0.0,0,0.0,0.0,0.0
2015-09-14 13:15:00,65,0.0168972641036,0.0,0,0.0,0.0,0.0
2015-09-14 13:20:00,63,0.0168972641036,0.0,0,0.0,0.0,0.0
2015-09-14 13:25:00,72,0.0168972641036,0.0,0,0.0,0.0,0.0
2015-09-14 13:35:00,65,0.0168972641036,0.0,0,0.0,0.0,0.0
2015-09-14 13:40:00,64,0.0168972641036,0.0,0,0.0,0.0,0.0
2015-09-14 13:45:00,71,0.0168972641036,0.0,0,0.0,0.0,0.0
2015-09-14 13:50:00,66,0.0168972641036,0.0,0,0.0,0.0,0.0
2015-09-14 13:55:00,59,0.0168972641036,0.0,0,0.0,0.0,0.0
2015-09-14 14:15:00,57,0.0168972641036,0.0,0,0.0,0.0,0.0
2015-09-14 14:20:00,66,0.0168972641036,0.0,0,0.0,0.0,0.0
2015-09-14 14:25:00,71,0.0168972641036,0.0,0,0.0,0.0,0.0
2015-09-14 14:35:00,69,0.0168972641036,0.0,0,0.0,0.0,0.0
2015-09-14 14:40:00,67,0.0174278541794,0.0,0,0.0,0.0,0.0
2015-09-14 14:45:00,66,0.0174278541794,0.0,0,0.0,0.0,0.0
2015-09-14 14:50:00,67,0.0174278541794,0.0,0,0.0,0.0,0.0
2015-09-14 14:55:00,65,0.0174278541794,0.0,0,0.0,0.0,0.0
2015-09-14 15:00:00,70,0.0174278541794,0.0,0,0.0,0.0,0.0
2015-09-14 15:10:00,66,0.0174278541794,0.0,0,0.0,0.0,0.0
2015-09-14 15:15:00,66,0.0174278541794,0.0,0,0.0,0.0,0.0
2015-09-14 15:20:00,61,0.0174278541794,0.0,0,0.0,0.0,0.0
2015-09-14 15:30:00,68,0.0174278541794,0.0,0,0.0,0.0,0.0
2015-09-14 15:35:00,69,0.0174278541794,0.0,0,0.0,0.0,0.0
2015-09-14 15:40:00,63,0.0174278541794,0.0,0,0.0,0.0,0.0
2015-09-14 15:50:00,67,0.0174278541794,0.0,0,0.0,0.0,0.0
2015-09-14 15:55:00,66,0.0174278541794,0.0,0,0.0,0.0,0.0
2015-09-14 16:00:00,65,0.0174278541794,0.0,0,0.0,0.0,0.0
2015-09-14 16:05:00,67,0.0174278541794,0.0,0,0.0,0.0,0.0
2015-09-14 16:20:00,65,0.0174278541794,0.0,0,0.0,0.0,0.0
2015-09-14 16:25:00,66,0.0174278541794,0.0,0,0.0,0.0,0.0
2015-09-14 16:30:00,65,0.0174278541794,0.0,0,0.0,0.0,0.0
2015-09-14 16:35:00,64,0.0174278541794,0.0,0,0.0,0.0,0.0
2015-09-14 16:40:00,66,0.0174278541794,0.0,0,0.0,0.0,0.0
2015-09-14 16:45:00,62,0.0174278541794,0.0,0,0.0,0.0,0.0
2015-09-14 16:50:00,65,0.0174278541794,0.0,0,0.0,0.0,0.0
2015-09-14 16:55:00,67,0.0174278541794,0.0,0,0.0,0.0,0.0
2015-09-14 17:00:00,59,0.0174278541794,0.0,0,0.0,0.0,0.0
2015-09-14 17:05:00,36,0.0441765185995,0.47499999404,0,0.0,0.0,0.0
2015-09-14 17:10:00,21,0.12661655875,0.75,0,0.0,0.0,0.0
2015-09-14 17:15:00,52,0.284438330558,0.824999988079,0,0.0,0.0,0.0
2015-09-14 17:20:00,60,0.284438330558,0.0,0,0.0,0.0,0.0
2015-09-14 17:25:00,51,0.290391303333,0.0250000003725,0,0.0,0.0,0.0
2015-09-14 17:30:00,68,0.290391303333,0.0,0,0.0,0.0,0.0
2015-09-14 17:35:00,60,0.290391303333,0.0,0,0.0,0.0,0.0
2015-09-14 17:40:00,42,0.40965058826,0.449999988079,0,0.0,0.0,0.0
2015-09-14 17:45:00,65,0.552133706915,0.925000011921,0,-0.22,-0.11,-0.11
2015-09-14 17:50:00,59,0.0,0.0,0,0.0,0.0,0.0
2015-09-14 17:55:00,69,0.0,0.0,0,0.0,0.0,0.0
2015-09-14 18:00:00,68,0.0,0.0,0,0.0,0.0,0.0
2015-09-14 18:05:00,66,0.0,0.0,0,0.0,0.0,0.0
2015-09-14 18:10:00,66,0.0,0.0,0,0.0,0.0,0.0
2015-09-14 18:20:00,66,0.0,0.0,0,0.0,0.0,0.0
2015-09-14 18:25:00,68,0.0,0.0,0,0.0,0.0,0.0
2015-09-14 18:30:00,67,0.0,0.0,0,0.0,0.0,0.0
2015-09-14 18:35:00,67,0.0,0.0,0,0.0,0.0,0.0
2015-09-14 18:45:00,65,0.0,0.0,0,0.0,0.0,0.0
2015-09-14 18:50:00,66,0.0,0.0,0,0.0,0.0,0.0
2015-09-14 19:01:00,68,0.0,0.0,0,0.0,0.0,0.0
2015-09-14 19:05:00,68,0.0,0.0,0,0.0,0.0,0.0
2015-09-14 19:15:00,66,0.0,0.0,0,0.0,0.0,0.0
2015-09-14 19:20:00,69,0.0,0.0,0,0.0,0.0,0.0
2015-09-14 19:30:00,64,0.0,0.0,0,0.0,0.0,0.0
2015-09-14 19:35:00,68,0.0,0.0,0,0.0,0.0,0.0
2015-09-14 19:45:00,65,0.0,0.0,0,0.0,0.0,0.0
2015-09-14 20:00:00,65,0.0,0.0250000003725,0,0.0,0.0,0.0
2015-09-14 20:10:00,66,0.0,0.0,0,0.0,0.0,0.0
2015-09-14 20:15:00,58,0.0205539658749,0.0500000007451,0,0.0,0.0,0.0
2015-09-14 20:20:00,71,0.0205539658749,0.0,0,0.0,0.0,0.0
2015-09-14 20:25:00,61,0.0205539658749,0.0,0,0.0,0.0,0.0
2015-09-14 20:30:00,72,0.0205539658749,0.0,0,0.0,0.0,0.0
2015-09-14 20:35:00,64,0.0205539658749,0.0,0,0.0,0.0,0.0
2015-09-14 20:40:00,64,0.0205539658749,0.0,0,0.0,0.0,0.0
2015-09-14 20:45:00,67,0.019470475253,0.0,0,0.0,0.0,0.0
2015-09-14 20:50:00,65,0.019470475253,0.0,0,0.0,0.0,0.0
2015-09-14 21:30:00,65,0.0174278541794,0.0,0,0.0,0.0,0.0
2015-09-14 21:35:00,65,0.0184287104478,0.0250000003725,0,0.0,0.0,0.0
2015-09-14 21:45:00,74,0.0184287104478,0.0,0,0.0,0.0,0.0
2015-09-14 22:06:00,61,0.019470475253,0.0250000003725,0,0.0,0.0,0.0
2015-09-14 22:21:00,60,0.0216799862372,0.0500000007451,0,0.0,0.0,0.0
2015-09-14 22:30:00,64,0.0228493265239,0.0250000003725,0,0.0,0.0,0.0
2015-09-14 22:40:00,66,0.0228493265239,0.0,0,0.0,0.0,0.0
2015-09-14 22:45:00,66,0.0240627628487,0.0250000003725,0,0.0,0.0,0.0
2015-09-14 22:50:00,70,0.0240627628487,0.0,0,0.0,0.0,0.0
2015-09-15 03:45:00,62,0.0354460218704,0.22499999404,0,0.0,0.0,0.0
2015-09-15 04:10:00,64,0.0657066220895,0.375,0,0.0,0.0,0.0
2015-09-15 04:31:00,61,0.0871045691321,0.22499999404,0,0.0,0.0,0.0
2015-09-15 04:55:00,90,0.234007700724,0.949999988079,0,0.0,0.0,0.0
2015-09-15 05:26:00,60,0.493941854879,1.0,0,0.0,0.0,0.0
2015-09-15 05:31:00,66,0.518446382614,0.0750000029802,0,-0.22,-0.11,-0.11
2015-09-15 05:41:00,63,0.0,0.0250000003725,0,0.0,0.0,0.0
2015-09-15 05:46:00,76,0.0,0.125,0,0.0,0.0,0.0
2015-09-15 05:51:00,56,0.0,0.324999988079,0,0.0,0.0,0.0
2015-09-15 06:05:00,72,0.0,0.375,0,0.0,0.0,0.0
2015-09-15 06:45:00,66,0.0,0.0,0,0.0,0.0,0.0
2015-09-15 07:06:00,67,0.0,0.0250000003725,0,0.0,0.0,0.0
2015-09-15 07:11:00,63,0.0,0.0,0,0.0,0.0,0.0
2015-09-15 07:16:00,67,0.0,0.0,0,0.0,0.0,0.0
2015-09-15 07:21:00,70,0.0,0.0,0,0.0,0.0,0.0
2015-09-15 07:26:00,70,0.0,0.0,0,0.0,0.0,0.0
2015-09-15 07:31:00,71,0.0,0.0,0,0.0,0.0,0.0
2015-09-15 07:46:00,62,0.0,0.0,0,0.0,0.0,0.0
2015-09-15 07:51:00,69,0.0,0.0,0,0.0,0.0,0.0
2015-09-15 07:56:00,67,0.0,0.0,0,0.0,0.0,0.0
2015-09-15 08:11:00,66,0.0,0.0,0,0.0,0.0,0.0
2015-09-15 08:21:00,65,0.0,0.0,0,0.0,0.0,0.0
2015-09-15 08:26:00,61,0.0,0.0,0,0.0,0.0,0.0
2015-09-15 08:31:00,68,0.0,0.0,0,0.0,0.0,0.0
2015-09-15 08:41:00,66,0.0,0.0,0,0.0,0.0,0.0
2015-09-15 08:46:00,67,0.0,0.0,0,0.0,0.0,0.0
2015-09-15 08:51:00,66,0.0174278541794,0.0,0,0.0,0.0,0.0
2015-09-15 08:56:00,66,0.0174278541794,0.0,0,0.0,0.0,0.0
2015-09-15 09:01:00,70,0.0184287104478,0.0250000003725,0,0.0,0.0,0.0
2015-09-15 09:06:00,71,0.019470475253,0.0250000003725,0,0.0,0.0,0.0
2015-09-15 09:16:00,65,0.0185671953257,0.0,0,0.0,0.0,0.0
2015-09-15 09:21:00,63,0.0185671953257,0.0,0,0.0,0.0,0.0
2015-09-15 09:31:00,63,0.0185671953257,0.0,0,0.0,0.0,0.0
2015-09-15 09:36:00,63,0.0185671953257,0.0,0,0.0,0.0,0.0
2015-09-15 09:41:00,62,0.0185671953257,0.0,0,0.0,0.0,0.0
2015-09-15 09:46:00,65,0.0185671953257,0.0,0,0.0,0.0,0.0
2015-09-15 09:51:00,61,0.0176794622648,0.0,0,0.0,0.0,0.0
2015-09-15 10:01:00,72,0.0176794622648,0.0250000003725,0,0.0,0.0,0.0
2015-09-15 10:16:00,67,0.0176794622648,0.0,0,0.0,0.0,0.0
2015-09-15 10:26:00,66,0.0176794622648,0.0,0,0.0,0.0,0.0
2015-09-15 10:31:00,74,0.0176794622648,0.0,0,0.0,0.0,0.0
2015-09-15 10:36:00,66,0.0176794622648,0.0,0,0.0,0.0,0.0
2015-09-15 10:41:00,70,0.0176794622648,0.0,0,0.0,0.0,0.0
2015-09-15 10:46:00,67,0.0176794622648,0.0,0,0.0,0.0,0.0
2015-09-15 11:06:00,68,0.0176794622648,0.0,0,0.0,0.0,0.0
2015-09-15 11:11:00,66,0.0168229321215,0.0,0,0.0,0.0,0.0
2015-09-15 11:16:00,65,0.0168229321215,0.0,0,0.0,0.0,0.0
2015-09-15 11:21:00,60,0.0168229321215,0.0,0,0.0,0.0,0.0
2015-09-15 11:31:00,66,0.0168229321215,0.0,0,0.0,0.0,0.0
2015-09-15 11:36:00,67,0.0168229321215,0.0,0,0.0,0.0,0.0
2015-09-15 11:41:00,66,0.0168229321215,0.0,0,0.0,0.0,0.0
2015-09-15 11:46:00,67,0.0168229321215,0.0,0,0.0,0.0,0.0
2015-09-15 11:51:00,66,0.0168229321215,0.0,0,0.0,0.0,0.0
2015-09-15 11:56:00,67,0.0168229321215,0.0,0,0.0,0.0,0.0
2015-09-15 12:06:00,69,0.0168229321215,0.0,0,0.0,0.0,0.0
2015-09-15 12:11:00,69,0.0168229321215,0.0,0,0.0,0.0,0.0
2015-09-15 12:16:00,71,0.0168229321215,0.0,0,0.0,0.0,0.0
2015-09-15 12:21:00,64,0.0168229321215,0.0,0,0.0,0.0,0.0
2015-09-15 12:26:00,69,0.0168229321215,0.0,0,0.0,0.0,0.0
2015-09-15 12:31:00,68,0.0168229321215,0.0,0,0.0,0.0,0.0
2015-09-15 12:36:00,67,0.0168229321215,0.0,0,0.0,0.0,0.0
2015-09-15 12:41:00,66,0.0168229321215,0.0,0,0.0,0.0,0.0
2015-09-15 12:46:00,68,0.0168229321215,0.0,0,0.0,0.0,0.0
2015-09-15 12:51:00,72,0.0168229321215,0.0,0,0.0,0.0,0.0
2015-09-15 12:56:00,66,0.0168229321215,0.0,0,0.0,0.0,0.0
2015-09-15 13:01:00,62,0.0168229321215,0.0,0,0.0,0.0,0.0
2015-09-15 13:06:00,71,0.0168229321215,0.0,0,0.0,0.0,0.0
2015-09-15 13:11:00,74,0.0168229321215,0.0,0,0.0,0.0,0.0
2015-09-15 13:16:00,65,0.0168229321215,0.0,0,0.0,0.0,0.0
2015-09-15 13:21:00,61,0.0168229321215,0.0,0,0.0,0.0,0.0
2015-09-15 13:26:00,63,0.0168229321215,0.0,1,0.892746785547,0.892746785547,0.892746785547
2015-09-15 13:31:00,66,0.0168229321215,0.0,1,0.0,0.0,0.0
2015-09-15 13:36:00,63,0.0168229321215,0.0,1,0.0,0.0,0.0
2015-09-15 13:41:00,60,0.0168229321215,0.0,1,0.0,0.0,0.0
2015-09-15 13:46:00,59,0.0168229321215,0.0,1,0.0,0.0,0.0
2015-09-15 13:51:00,60,0.0168229321215,0.0,1,0.0,0.0,0.0
2015-09-15 13:54:00,56,0.0168229321215,0.0,1,0.0,0.0,0.0
2015-09-15 13:59:00,49,0.0234933705319,0.17499999702,1,0.0,0.0,0.0
2015-09-15 14:04:00,43,0.054275058562,0.524999976158,1,0.0,0.0,0.0
2015-09-15 14:09:00,59,0.149100798443,0.875,1,0.0,0.0,0.0
2015-09-15 14:14:00,51,0.152696845951,0.0250000003725,1,0.0,0.0,0.0
2015-09-15 14:19:00,42,0.191506892254,0.25,1,0.0,0.0,0.0
2015-09-15 14:24:00,25,0.387726437239,0.949999988079,1,0.0,0.0,0.0
2015-09-15 14:29:00,10,0.638998289047,0.875,1,0.0,0.0,0.0
2015-09-15 14:34:00,8,0.0,0.449999988079,1,0.0,0.0,0.0
2015-09-15 14:39:00,46,0.0,1.0,1,0.0,0.0,0.0
2015-09-15 14:44:00,65,0.0,0.0,1,0.0,0.0,0.0
2015-09-15 14:49:00,68,0.0,0.0,1,0.0,0.0,0.0
2015-09-15 14:54:00,67,0.0,0.0,1,0.0,0.0,0.0
2015-09-15 14:59:00,64,0.0,0.0,1,0.0,0.0,0.0
2015-09-15 15:04:00,67,0.0,0.0,1,0.0,0.0,0.0
2015-09-15 15:09:00,62,0.0,0.0,1,0.0,0.0,0.0
2015-09-15 15:14:00,66,0.0,0.0,1,0.0,0.0,0.0
2015-09-15 15:24:00,68,0.0,0.0,1,0.0,0.0,0.0
2015-09-15 15:34:00,65,0.0,0.0,1,0.0,0.0,0.0
2015-09-15 15:39:00,65,0.0,0.0,1,0.0,0.0,0.0
2015-09-15 15:44:00,68,0.0,0.0,1,0.0,0.0,0.0
2015-09-15 15:49:00,66,0.0,0.0,1,0.0,0.0,0.0
2015-09-15 15:54:00,64,0.0,0.0,1,0.0,0.0,0.0
2015-09-15 15:59:00,64,0.0,0.0,0,0.0,0.0,0.0
2015-09-15 16:04:00,63,0.0,0.0,0,0.0,0.0,0.0
2015-09-15 16:09:00,63,0.0,0.0,0,0.0,0.0,0.0
2015-09-15 16:14:00,67,0.0,0.0,0,0.0,0.0,0.0
2015-09-15 16:19:00,63,0.0,0.0,0,0.0,0.0,0.0
2015-09-15 16:24:00,66,0.0168229321215,0.0,0,0.0,0.0,0.0
2015-09-15 16:29:00,67,0.0168229321215,0.0,0,0.0,0.0,0.0
2015-09-15 16:34:00,65,0.0168229321215,0.0,0,0.0,0.0,0.0
2015-09-15 16:39:00,65,0.0168229321215,0.0,0,0.0,0.0,0.0
2015-09-15 16:44:00,64,0.0168229321215,0.0,0,0.0,0.0,0.0
2015-09-15 16:49:00,69,0.0168229321215,0.0,0,0.0,0.0,0.0
2015-09-15 16:54:00,65,0.0168229321215,0.0,0,0.0,0.0,0.0
2015-09-15 16:59:00,65,0.0168229321215,0.0,0,0.0,0.0,0.0
2015-09-15 17:04:00,62,0.0168229321215,0.0,0,0.0,0.0,0.0
2015-09-15 17:09:00,57,0.0176794622648,0.0250000003725,0,0.0,0.0,0.0
2015-09-15 17:14:00,52,0.0204385188887,0.0750000029802,0,0.0,0.0,0.0
2015-09-15 17:19:00,51,0.0257013850995,0.125,0,0.0,0.0,0.0
2015-09-15 17:24:00,62,0.0257013850995,0.0,0,0.0,0.0,0.0
2015-09-15 17:29:00,59,0.0257013850995,0.0,0,0.0,0.0,0.0
2015-09-15 17:39:00,68,0.0257013850995,0.0,0,0.0,0.0,0.0
2015-09-15 17:44:00,64,0.0257013850995,0.0,0,0.0,0.0,0.0
2015-09-15 17:49:00,65,0.0257013850995,0.0,0,0.0,0.0,0.0
2015-09-15 17:54:00,66,0.02457988745,0.0,0,0.0,0.0,0.0
2015-09-15 17:59:00,67,0.021423213786,0.0,0,0.0,0.0,0.0
2015-09-15 18:04:00,63,0.0168229321215,0.0,0,0.0,0.0,0.0
2015-09-15 18:14:00,59,0.0168229321215,0.0,0,0.0,0.0,0.0
2015-09-15 18:19:00,68,0.0168229321215,0.0,0,0.0,0.0,0.0
2015-09-15 18:24:00,66,0.0168229321215,0.0,0,0.0,0.0,0.0
2015-09-15 18:29:00,66,0.0168229321215,0.0,0,0.0,0.0,0.0
2015-09-15 18:34:00,65,0.0168229321215,0.0,0,0.0,0.0,0.0
2015-09-15 18:39:00,64,0.0168229321215,0.0,0,0.0,0.0,0.0
2015-09-15 18:44:00,70,0.0173261506321,0.0,0,0.0,0.0,0.0
2015-09-15 18:49:00,67,0.0173261506321,0.0,0,0.0,0.0,0.0
2015-09-15 18:54:00,63,0.0173261506321,0.0,0,0.0,0.0,0.0
2015-09-15 19:04:00,64,0.0173261506321,0.0,0,0.0,0.0,0.0
2015-09-15 19:09:00,65,0.0173261506321,0.0,0,0.0,0.0,0.0
2015-09-15 19:14:00,64,0.0173261506321,0.0,0,0.0,0.0,0.0
2015-09-15 19:19:00,60,0.0173261506321,0.0,0,0.0,0.0,0.0
2015-09-15 19:24:00,65,0.0173261506321,0.0,0,0.0,0.0,0.0
2015-09-15 19:29:00,69,0.0173261506321,0.0,0,0.0,0.0,0.0
2015-09-15 19:34:00,63,0.0173261506321,0.0,0,0.0,0.0,0.0
2015-09-15 19:39:00,59,0.0181178771284,0.0250000003725,0,0.0,0.0,0.0
2015-09-15 19:44:00,69,0.0181178771284,0.0,0,0.0,0.0,0.0
2015-09-15 19:49:00,60,0.0181178771284,0.0,0,0.0,0.0,0.0
2015-09-15 19:54:00,60,0.0181178771284,0.0,0,0.0,0.0,0.0
2015-09-15 19:59:00,59,0.0181178771284,0.0,0,0.0,0.0,0.0
2015-09-15 20:09:00,62,0.0181178771284,0.0,0,0.0,0.0,0.0
2015-09-15 20:14:00,61,0.0181178771284,0.0,0,0.0,0.0,0.0
2015-09-15 20:24:00,58,0.0197793520854,0.0500000007451,0,0.0,0.0,0.0
2015-09-15 20:29:00,63,0.020649930232,0.0500000007451,0,0.0,0.0,0.0
2015-09-15 20:34:00,65,0.020649930232,0.0,0,0.0,0.0,0.0
2015-09-15 20:49:00,57,0.0224728013762,0.0500000007451,0,0.0,0.0,0.0
2015-09-15 20:54:00,62,0.0224728013762,0.0,0,0.0,0.0,0.0
2015-09-15 20:59:00,62,0.0224728013762,0.0,0,0.0,0.0,0.0
2015-09-15 21:04:00,62,0.0224728013762,0.0,0,0.0,0.0,0.0
2015-09-15 21:19:00,64,0.0224728013762,0.0,0,0.0,0.0,0.0
2015-09-15 21:29:00,63,0.020649930232,0.0,0,0.0,0.0,0.0
2015-09-15 22:09:00,57,0.0224728013762,0.10000000149,0,0.0,0.0,0.0
2015-09-15 22:34:00,59,0.0264564345046,0.10000000149,0,0.0,0.0,0.0
2015-09-15 22:39:00,63,0.0254173266873,0.0250000003725,0,0.0,0.0,0.0
2015-09-15 22:44:00,67,0.0264564345046,0.0250000003725,0,0.0,0.0,0.0
2015-09-15 23:19:00,65,0.0297517627643,0.0750000029802,0,0.0,0.0,0.0
2015-09-15 23:24:00,61,0.0321005684455,0.0500000007451,0,0.0,0.0,0.0
2015-09-15 23:29:00,61,0.0333215902347,0.0250000003725,0,0.0,0.0,0.0
2015-09-15 23:34:00,60,0.0333215902347,0.0,0,0.0,0.0,0.0
2015-09-16 00:49:00,67,0.0286232897245,0.0,0,0.0,0.0,0.0
2015-09-16 01:44:00,57,0.0427695589803,0.375,0,0.0,0.0,0.0
2015-09-16 02:19:00,59,0.062857992957,0.324999988079,0,0.0,0.0,0.0
2015-09-16 03:04:00,60,0.0906008307269,0.34999999404,0,0.0,0.0,0.0
2015-09-16 04:44:00,58,0.116440427317,0.324999988079,0,0.0,0.0,0.0
2015-09-16 05:09:00,66,0.122093888348,0.10000000149,0,0.0,0.0,0.0
2015-09-16 05:19:00,69,0.122093888348,0.0250000003725,0,0.0,0.0,0.0
2015-09-16 05:29:00,62,0.122093888348,0.0,0,0.0,0.0,0.0
2015-09-16 05:39:00,65,0.124982210287,0.0250000003725,0,0.0,0.0,0.0
2015-09-16 05:49:00,65,0.0882358400217,0.0250000003725,0,0.0,0.0,0.0
2015-09-16 06:09:00,61,0.064765430482,0.0500000007451,0,0.0,0.0,0.0
2015-09-16 06:14:00,64,0.0413211329448,0.0,0,0.0,0.0,0.0
2015-09-16 06:24:00,65,0.0254173266873,0.0,0,0.0,0.0,0.0
2015-09-16 06:39:00,65,0.0224728013762,0.0250000003725,0,0.0,0.0,0.0
2015-09-16 06:44:00,66,0.0215476129453,0.0,0,0.0,0.0,0.0
2015-09-16 06:54:00,61,0.0224728013762,0.0250000003725,0,0.0,0.0,0.0
2015-09-16 07:19:00,64,0.0224728013762,0.0250000003725,0,0.0,0.0,0.0
2015-09-16 07:24:00,69,0.0234258909925,0.0500000007451,0,0.0,0.0,0.0
2015-09-16 07:29:00,59,0.0254173266873,0.10000000149,0,0.0,0.0,0.0
2015-09-16 07:34:00,71,0.0264564345046,0.0250000003725,0,0.0,0.0,0.0
2015-09-16 07:44:00,66,0.0275249668588,0.0250000003725,0,0.0,0.0,0.0
2015-09-16 07:49:00,66,0.0275249668588,0.0250000003725,0,0.0,0.0,0.0
2015-09-16 07:54:00,67,0.0297517626791,0.0500000007451,0,0.0,0.0,0.0
2015-09-16 07:59:00,68,0.0297517626791,0.0250000003725,0,0.0,0.0,0.0
2015-09-16 08:04:00,64,0.0297517626791,0.0250000003725,0,0.0,0.0,0.0
2015-09-16 08:09:00,68,0.0286232896415,0.0250000003725,0,0.0,0.0,0.0
2015-09-16 08:14:00,69,0.0254173266873,0.0250000003725,0,0.0,0.0,0.0
2015-09-16 08:19:00,71,0.0275249669395,0.0750000029802,0,0.0,0.0,0.0
2015-09-16 08:24:00,66,0.0286232897245,0.0500000007451,0,0.0,0.0,0.0
2015-09-16 08:29:00,70,0.0275249669395,0.0,0,0.0,0.0,0.0
2015-09-16 08:39:00,71,0.0254173267637,0.0,0,0.0,0.0,0.0
2015-09-16 08:49:00,68,0.0244072715595,0.0,0,0.0,0.0,0.0
2015-09-16 08:54:00,62,0.0234258910646,0.0,0,0.0,0.0,0.0
2015-09-16 08:59:00,67,0.0224728014461,0.0,0,0.0,0.0,0.0
2015-09-16 09:04:00,63,0.0215476130132,0.0,0,0.0,0.0,0.0
2015-09-16 09:09:00,71,0.0189354717784,0.0,0,0.0,0.0,0.0
2015-09-16 09:14:00,64,0.0173261506321,0.0,0,0.0,0.0,0.0
2015-09-16 09:24:00,70,0.0173261506321,0.0,0,0.0,0.0,0.0
2015-09-16 09:34:00,67,0.0173261506321,0.0,0,0.0,0.0,0.0
2015-09-16 09:44:00,67,0.0181178771284,0.0250000003725,0,0.0,0.0,0.0
2015-09-16 09:54:00,66,0.0189354717784,0.0250000003725,0,0.0,0.0,0.0
2015-09-16 09:59:00,61,0.0189354717784,0.0,0,0.0,0.0,0.0
2015-09-16 10:04:00,69,0.0189354717784,0.0,0,0.0,0.0,0.0
2015-09-16 10:09:00,67,0.0189354717784,0.0,0,0.0,0.0,0.0
2015-09-16 10:14:00,70,0.0189354717784,0.0,0,0.0,0.0,0.0
2015-09-16 10:19:00,71,0.0189354717784,0.0,0,0.0,0.0,0.0
2015-09-16 10:24:00,67,0.0189354717784,0.0,0,0.0,0.0,0.0
2015-09-16 10:29:00,59,0.0181178771284,0.0,0,0.0,0.0,0.0
2015-09-16 10:34:00,69,0.0173261506321,0.0,0,0.0,0.0,0.0
2015-09-16 10:44:00,69,0.0181178771284,0.0250000003725,0,0.0,0.0,0.0
2015-09-16 10:49:00,68,0.0181178771284,0.0,0,0.0,0.0,0.0
2015-09-16 10:54:00,72,0.0181178771284,0.0,0,0.0,0.0,0.0
2015-09-16 10:59:00,68,0.0181178771284,0.0,0,0.0,0.0,0.0
2015-09-16 11:04:00,62,0.0181178771284,0.0,0,0.0,0.0,0.0
2015-09-16 11:09:00,64,0.0181178771284,0.0,0,0.0,0.0,0.0
2015-09-16 11:14:00,66,0.0181178771284,0.0,0,0.0,0.0,0.0
2015-09-16 11:19:00,60,0.0181178771284,0.0,0,0.0,0.0,0.0
2015-09-16 11:24:00,66,0.0173261506321,0.0,0,0.0,0.0,0.0
2015-09-16 11:29:00,71,0.0173261506321,0.0,0,0.0,0.0,0.0
2015-09-16 11:34:00,56,0.0173261506321,0.0,0,0.0,0.0,0.0
2015-09-16 11:39:00,63,0.0173261506321,0.0,0,0.0,0.0,0.0
2015-09-16 11:44:00,67,0.0173261506321,0.0,0,0.0,0.0,0.0
2015-09-16 11:49:00,64,0.0173261506321,0.0,0,0.0,0.0,0.0
2015-09-16 11:59:00,67,0.0173261506321,0.0,0,0.0,0.0,0.0
2015-09-16 12:04:00,62,0.0173261506321,0.0,0,0.0,0.0,0.0
2015-09-16 12:14:00,65,0.0173261506321,0.0,0,0.0,0.0,0.0
2015-09-16 12:19:00,66,0.017245544292,0.0,0,0.0,0.0,0.0
2015-09-16 12:24:00,65,0.017245544292,0.0,0,0.0,0.0,0.0
2015-09-16 12:29:00,73,0.017245544292,0.0,0,0.0,0.0,0.0
2015-09-16 12:34:00,67,0.017245544292,0.0,0,0.0,0.0,0.0
2015-09-16 12:39:00,62,0.017245544292,0.0,0,0.0,0.0,0.0
2015-09-16 12:44:00,68,0.017245544292,0.0,0,0.0,0.0,0.0
2015-09-16 12:49:00,62,0.017245544292,0.0,0,0.0,0.0,0.0
2015-09-16 12:54:00,67,0.017245544292,0.0,0,0.0,0.0,0.0
2015-09-16 12:59:00,63,0.017245544292,0.0,0,0.0,0.0,0.0
2015-09-16 13:04:00,68,0.017245544292,0.0,1,0.871604206333,0.871604206333,0.871604206333
2015-09-16 13:09:00,69,0.017245544292,0.0,1,0.0,0.0,0.0
2015-09-16 13:14:00,69,0.017245544292,0.0,1,0.0,0.0,0.0
2015-09-16 13:19:00,65,0.017245544292,0.0,1,0.0,0.0,0.0
2015-09-16 13:24:00,61,0.017245544292,0.0,1,0.0,0.0,0.0
2015-09-16 13:29:00,73,0.017245544292,0.0,1,0.0,0.0,0.0
2015-09-16 13:34:00,66,0.017245544292,0.0,1,0.0,0.0,0.0
2015-09-16 13:39:00,51,0.0180739421642,0.0250000003725,1,0.0,0.0,0.0
2015-09-16 13:44:00,50,0.0216767254255,0.10000000149,1,0.0,0.0,0.0
2015-09-16 13:49:00,34,0.044286865515,0.449999988079,1,0.0,0.0,0.0
2015-09-16 13:54:00,24,0.139993809401,1.0,1,0.0,0.0,0.0
2015-09-16 13:59:00,7,0.190318873031,0.34999999404,1,0.0,0.0,0.0
2015-09-16 14:04:00,14,0.273562791156,0.47499999404,1,0.0,0.0,0.0
2015-09-16 14:09:00,7,0.447503572838,0.774999976158,1,0.0,0.0,0.0
2015-09-16 14:14:00,32,0.577981331256,0.47499999404,1,0.0,0.0,0.0
2015-09-16 14:19:00,17,0.0,0.574999988079,1,0.0,0.0,0.0
2015-09-16 14:24:00,8,0.0,0.550000011921,1,0.0,0.0,0.0
2015-09-16 14:29:00,6,0.0,0.10000000149,1,0.0,0.0,0.0
2015-09-16 14:30:00,8,0.0,0.15000000596,1,0.0,0.0,0.0
2015-09-16 14:35:00,20,0.0,0.324999988079,1,0.0,0.0,0.0
2015-09-16 14:40:00,8,0.0,0.15000000596,1,0.0,0.0,0.0
2015-09-16 14:45:00,23,0.0,0.20000000298,1,0.0,0.0,0.0
2015-09-16 14:50:00,74,0.0,0.425000011921,1,0.0,0.0,0.0
2015-09-16 14:55:00,65,0.0,0.0,1,0.0,0.0,0.0
2015-09-16 15:00:00,67,0.0,0.0,1,0.0,0.0,0.0
2015-09-16 15:05:00,74,0.0,0.0,1,0.0,0.0,0.0
2015-09-16 15:10:00,59,0.0,0.0,1,0.0,0.0,0.0
2015-09-16 15:15:00,65,0.0,0.0,1,0.0,0.0,0.0
2015-09-16 15:20:00,64,0.0,0.0,1,0.0,0.0,0.0
2015-09-16 15:25:00,64,0.0,0.0,0,0.0,0.0,0.0
2015-09-16 15:30:00,68,0.0,0.0,0,0.0,0.0,0.0
2015-09-16 15:35:00,73,0.0,0.0,0,0.0,0.0,0.0
2015-09-16 15:40:00,71,0.0,0.0,0,0.0,0.0,0.0
2015-09-16 15:45:00,67,0.0,0.0,0,0.0,0.0,0.0
2015-09-16 15:50:00,66,0.0,0.0,0,0.0,0.0,0.0
2015-09-16 15:55:00,68,0.017245544292,0.0,0,0.0,0.0,0.0
2015-09-16 16:00:00,65,0.017245544292,0.0,1,0.847084961863,0.847084961863,0.847084961863
2015-09-16 16:05:00,57,0.017245544292,0.0,1,0.0,0.0,0.0
2015-09-16 16:10:00,70,0.017245544292,0.0,1,0.0,0.0,0.0
2015-09-16 16:15:00,66,0.017245544292,0.0,1,0.0,0.0,0.0
2015-09-16 16:20:00,66,0.017245544292,0.0,1,0.0,0.0,0.0
2015-09-16 16:25:00,65,0.017245544292,0.0,1,0.0,0.0,0.0
2015-09-16 16:30:00,66,0.017245544292,0.0,1,0.0,0.0,0.0
2015-09-16 16:35:00,64,0.017245544292,0.0,1,0.0,0.0,0.0
2015-09-16 16:40:00,55,0.017245544292,0.0,1,0.0,0.0,0.0
2015-09-16 16:45:00,30,0.0382890895964,0.47499999404,1,0.0,0.0,0.0
2015-09-16 16:50:00,11,0.127286193418,1.0,1,0.0,0.0,0.0
2015-09-16 16:55:00,12,0.160438264696,0.25,1,0.0,0.0,0.0
2015-09-16 17:00:00,33,0.249960218649,0.550000011921,1,0.0,0.0,0.0
2015-09-16 17:05:00,43,0.351751008124,0.5,1,0.0,0.0,0.0
2015-09-16 17:10:00,1,0.46688996453,0.47499999404,1,0.0,0.0,0.0
2015-09-16 17:15:00,19,0.751911794114,0.949999988079,1,0.0,0.0,0.0
2015-09-16 17:20:00,23,0.0,0.5,1,0.0,0.0,0.0
2015-09-16 17:25:00,53,0.0,0.17499999702,1,0.0,0.0,0.0
2015-09-16 17:30:00,60,0.0,0.0,1,0.0,0.0,0.0
2015-09-16 17:35:00,56,0.0,0.0,1,0.0,0.0,0.0
2015-09-16 17:40:00,44,0.0,0.449999988079,1,0.0,0.0,0.0
2015-09-16 17:45:00,57,0.0,0.899999976158,1,0.0,0.0,0.0
2015-09-16 17:50:00,55,0.0,0.0,1,0.0,0.0,0.0
2015-09-16 17:55:00,63,0.0,0.0,1,0.0,0.0,0.0
2015-09-16 18:00:00,68,0.0,0.0,1,0.0,0.0,0.0
2015-09-16 18:05:00,70,0.0,0.0,1,0.0,0.0,0.0
2015-09-16 18:10:00,62,0.0,0.0,1,0.0,0.0,0.0
2015-09-16 18:15:00,66,0.0,0.0,1,0.0,0.0,0.0
2015-09-16 18:20:00,67,0.0,0.0,1,0.0,0.0,0.0
2015-09-16 18:25:00,68,0.0,0.0,0,0.0,0.0,0.0
2015-09-16 18:30:00,67,0.0,0.0,0,0.0,0.0,0.0
2015-09-16 18:35:00,66,0.0,0.0,0,0.0,0.0,0.0
2015-09-16 18:40:00,68,0.0,0.0,0,0.0,0.0,0.0
2015-09-16 18:45:00,69,0.0,0.0,0,0.0,0.0,0.0
2015-09-16 18:50:00,68,0.0,0.0,0,0.0,0.0,0.0
2015-09-16 18:55:00,71,0.0,0.0,0,0.0,0.0,0.0
2015-09-16 19:05:00,67,0.017245544292,0.0,0,0.0,0.0,0.0
2015-09-16 19:10:00,64,0.017245544292,0.0,0,0.0,0.0,0.0
2015-09-16 19:15:00,64,0.017245544292,0.0,0,0.0,0.0,0.0
2015-09-16 19:25:00,64,0.017245544292,0.0,0,0.0,0.0,0.0
2015-09-16 19:30:00,63,0.017245544292,0.0,0,0.0,0.0,0.0
2015-09-16 19:35:00,65,0.017245544292,0.0,0,0.0,0.0,0.0
2015-09-16 19:40:00,64,0.017245544292,0.0,0,0.0,0.0,0.0
2015-09-16 19:45:00,65,0.017245544292,0.0,0,0.0,0.0,0.0
2015-09-16 19:50:00,66,0.017245544292,0.0,0,0.0,0.0,0.0
2015-09-16 20:00:00,63,0.017245544292,0.0,0,0.0,0.0,0.0
2015-09-16 20:05:00,67,0.017245544292,0.0,0,0.0,0.0,0.0
2015-09-16 20:10:00,62,0.017245544292,0.0,0,0.0,0.0,0.0
2015-09-16 20:15:00,61,0.017245544292,0.0,0,0.0,0.0,0.0
2015-09-16 20:20:00,62,0.017245544292,0.0,0,0.0,0.0,0.0
2015-09-16 20:25:00,65,0.017245544292,0.0,0,0.0,0.0,0.0
2015-09-16 20:30:00,63,0.017245544292,0.0,0,0.0,0.0,0.0
2015-09-16 20:35:00,61,0.017245544292,0.0,0,0.0,0.0,0.0
2015-09-16 20:40:00,59,0.0189307803314,0.0500000007451,0,0.0,0.0,0.0
2015-09-16 20:45:00,56,0.0207316995899,0.0500000007451,0,0.0,0.0,0.0
2015-09-16 20:50:00,65,0.0197392974358,0.0,0,0.0,0.0,0.0
2015-09-16 20:55:00,63,0.0197392974358,0.0,0,0.0,0.0,0.0
2015-09-16 21:00:00,67,0.0197392974358,0.0,0,0.0,0.0,0.0
2015-09-16 21:05:00,63,0.0197392974358,0.0,0,0.0,0.0,0.0
2015-09-16 21:10:00,57,0.0197392974358,0.0,0,0.0,0.0,0.0
2015-09-16 21:15:00,58,0.0212949791458,0.0500000007451,0,0.0,0.0,0.0
2015-09-16 21:25:00,68,0.0197392974358,0.0,0,0.0,0.0,0.0
2015-09-16 21:40:00,62,0.0182670426765,0.0,0,0.0,0.0,0.0
2015-09-16 21:45:00,64,0.0182670426765,0.0,0,0.0,0.0,0.0
2015-09-16 21:55:00,66,0.0189928837158,0.0250000003725,0,0.0,0.0,0.0
2015-09-16 22:05:00,65,0.0189928837158,0.0,0,0.0,0.0,0.0
2015-09-16 22:14:00,57,0.0205065687263,0.0500000007451,0,0.0,0.0,0.0
2015-09-16 22:20:00,61,0.0205065687263,0.0,0,0.0,0.0,0.0
2015-09-16 22:25:00,58,0.0197392974358,0.0250000003725,0,0.0,0.0,0.0
2015-09-16 22:30:00,62,0.0197392974358,0.0,0,0.0,0.0,0.0
2015-09-16 22:40:00,61,0.0197392974358,0.0,0,0.0,0.0,0.0
2015-09-16 22:45:00,63,0.0205065687263,0.0250000003725,0,0.0,0.0,0.0
2015-09-16 22:55:00,59,0.0221048069168,0.0750000029802,0,0.0,0.0,0.0
2015-09-16 23:10:00,64,0.0255637318462,0.10000000149,0,0.0,0.0,0.0
2015-09-16 23:35:00,64,0.0264846957935,0.0750000029802,0,0.0,0.0,0.0
2015-09-16 23:55:00,59,0.033589690712,0.17499999702,0,0.0,0.0,0.0
2015-09-17 00:10:00,66,0.0325024585054,0.0,0,0.0,0.0,0.0
2015-09-17 00:45:00,63,0.0347016281991,0.0500000007451,0,0.0,0.0,0.0
2015-09-17 01:05:00,57,0.0472279021743,0.25,0,0.0,0.0,0.0
2015-09-17 01:40:00,56,0.0675710965156,0.34999999404,0,0.0,0.0,0.0
2015-09-17 01:55:00,53,0.0825178857533,0.27500000596,0,0.0,0.0,0.0
2015-09-17 02:10:00,66,0.144765407893,0.75,0,0.0,0.0,0.0
2015-09-17 02:50:00,61,0.141970570805,0.0500000007451,0,0.0,0.0,0.0
2015-09-17 03:20:00,56,0.12588657996,0.0250000003725,0,0.0,0.0,0.0
2015-09-17 04:35:00,58,0.156273763113,0.27500000596,0,0.0,0.0,0.0
2015-09-17 04:55:00,62,0.159233463726,0.0750000029802,0,0.0,0.0,0.0
2015-09-17 05:10:00,64,0.131117962004,0.0,0,0.0,0.0,0.0
2015-09-17 05:15:00,65,0.0971828863328,0.0,0,0.0,0.0,0.0
2015-09-17 05:30:00,73,0.0766894064131,0.0250000003725,0,0.0,0.0,0.0
2015-09-17 05:35:00,63,0.0325024587457,0.0,0,0.0,0.0,0.0
2015-09-17 05:40:00,63,0.031439701114,0.0250000003725,0,0.0,0.0,0.0
2015-09-17 05:45:00,66,0.0304011836295,0.0,0,0.0,0.0,0.0
2015-09-17 05:50:00,62,0.0205065687843,0.0,0,0.0,0.0,0.0
2015-09-17 05:55:00,72,0.0189928837158,0.0250000003725,0,0.0,0.0,0.0
2015-09-17 06:15:00,56,0.0229363264981,0.125,0,0.0,0.0,0.0
2015-09-17 06:20:00,52,0.0358384971703,0.324999988079,0,0.0,0.0,0.0
2015-09-17 06:25:00,61,0.0431955369754,0.17499999702,0,0.0,0.0,0.0
2015-09-17 06:30:00,51,0.0658355542631,0.375,0,0.0,0.0,0.0
2015-09-17 06:40:00,64,0.0729533897438,0.125,0,0.0,0.0,0.0
2015-09-17 06:55:00,60,0.0729533897438,0.0,0,0.0,0.0,0.0
2015-09-17 07:00:00,59,0.0729533897438,0.0,0,0.0,0.0,0.0
2015-09-17 07:05:00,38,0.141970566665,0.774999976158,0,0.0,0.0,0.0
2015-09-17 07:10:00,53,0.259740502676,1.0,0,0.0,0.0,0.0
2015-09-17 07:15:00,56,0.214676561583,0.0250000003725,0,0.0,0.0,0.0
2015-09-17 07:25:00,53,0.200752499821,0.0750000029802,0,0.0,0.0,0.0
2015-09-17 07:35:00,68,0.15334717475,0.0,0,0.0,0.0,0.0
2015-09-17 07:40:00,56,0.139208483534,0.0,0,0.0,0.0,0.0
2015-09-17 07:45:00,62,0.139208483534,0.0,0,0.0,0.0,0.0
2015-09-17 07:50:00,65,0.139208483534,0.0,0,0.0,0.0,0.0
2015-09-17 07:55:00,61,0.0693358195167,0.0,0,0.0,0.0,0.0
2015-09-17 08:00:00,64,0.0197392974922,0.0,0,0.0,0.0,0.0
2015-09-17 08:05:00,60,0.0189928837706,0.0,0,0.0,0.0,0.0
2015-09-17 08:10:00,58,0.0168759228684,0.0,0,0.0,0.0,0.0
2015-09-17 08:15:00,62,0.0168759228684,0.0,0,0.0,0.0,0.0
2015-09-17 08:20:00,67,0.0168759228684,0.0,0,0.0,0.0,0.0
2015-09-17 08:25:00,61,0.0168759228684,0.0,0,0.0,0.0,0.0
2015-09-17 08:30:00,59,0.0168759228684,0.0,0,0.0,0.0,0.0
2015-09-17 08:35:00,60,0.0168759228684,0.0,0,0.0,0.0,0.0
2015-09-17 08:40:00,59,0.0168759228684,0.0,0,0.0,0.0,0.0
2015-09-17 08:45:00,59,0.0175614861698,0.0250000003725,0,0.0,0.0,0.0
2015-09-17 08:50:00,63,0.0175614861698,0.0,0,0.0,0.0,0.0
2015-09-17 08:55:00,55,0.0175614861698,0.0,0,0.0,0.0,0.0
2015-09-17 09:00:00,54,0.0175614861698,0.0,0,0.0,0.0,0.0
2015-09-17 09:05:00,64,0.0182670426765,0.0250000003725,0,0.0,0.0,0.0
2015-09-17 09:10:00,63,0.0189928837158,0.0250000003725,0,0.0,0.0,0.0
2015-09-17 09:15:00,67,0.0189928837158,0.0,0,0.0,0.0,0.0
2015-09-17 09:20:00,62,0.0197392974358,0.0250000003725,0,0.0,0.0,0.0
2015-09-17 09:25:00,67,0.0189928837158,0.0,0,0.0,0.0,0.0
2015-09-17 09:30:00,65,0.0197392974358,0.0250000003725,0,0.0,0.0,0.0
2015-09-17 09:35:00,63,0.0205065687263,0.0250000003725,0,0.0,0.0,0.0
2015-09-17 09:40:00,61,0.0212949791458,0.0250000003725,0,0.0,0.0,0.0
2015-09-17 09:45:00,69,0.0212949791458,0.0250000003725,0,0.0,0.0,0.0
2015-09-17 09:50:00,65,0.0212949791458,0.0250000003725,0,0.0,0.0,0.0
2015-09-17 09:55:00,63,0.0221048068557,0.0250000003725,0,0.0,0.0,0.0
2015-09-17 10:00:00,65,0.0221048068557,0.0250000003725,0,0.0,0.0,0.0
2015-09-17 10:05:00,71,0.0221048068557,0.0,0,0.0,0.0,0.0
2015-09-17 10:10:00,66,0.0212949791458,0.0,0,0.0,0.0,0.0
2015-09-17 10:15:00,64,0.0205065687263,0.0,0,0.0,0.0,0.0
2015-09-17 10:20:00,61,0.0197392974358,0.0,0,0.0,0.0,0.0
2015-09-17 10:25:00,65,0.0189928837158,0.0,0,0.0,0.0,0.0
2015-09-17 10:30:00,65,0.0182670426765,0.0,0,0.0,0.0,0.0
2015-09-17 10:35:00,62,0.0175614861698,0.0,0,0.0,0.0,0.0
2015-09-17 10:45:00,64,0.0168759228684,0.0,0,0.0,0.0,0.0
2015-09-17 10:50:00,61,0.0168759228684,0.0,0,0.0,0.0,0.0
2015-09-17 10:55:00,59,0.0168759228684,0.0,0,0.0,0.0,0.0
2015-09-17 11:00:00,64,0.0168759228684,0.0,0,0.0,0.0,0.0
2015-09-17 11:05:00,55,0.0168759228684,0.0,0,0.0,0.0,0.0
2015-09-17 11:10:00,62,0.0168759228684,0.0,0,0.0,0.0,0.0
2015-09-17 11:15:00,61,0.0168759228684,0.0,0,0.0,0.0,0.0
2015-09-17 11:20:00,66,0.0168759228684,0.0,0,0.0,0.0,0.0
2015-09-17 11:25:00,61,0.0168759228684,0.0,0,0.0,0.0,0.0
2015-09-17 11:30:00,69,0.0168759228684,0.0,0,0.0,0.0,0.0
2015-09-17 11:35:00,66,0.0168759228684,0.0,0,0.0,0.0,0.0
2015-09-17 11:40:00,68,0.0168759228684,0.0,0,0.0,0.0,0.0
2015-09-17 11:45:00,69,0.0168759228684,0.0,0,0.0,0.0,0.0
2015-09-17 11:50:00,66,0.0164679928194,0.0,0,0.0,0.0,0.0
2015-09-17 11:55:00,66,0.0164679928194,0.0,0,0.0,0.0,0.0
2015-09-17 12:00:00,64,0.0164679928194,0.0,0,0.0,0.0,0.0
2015-09-17 12:05:00,63,0.0164679928194,0.0,0,0.0,0.0,0.0
2015-09-17 12:10:00,68,0.0164679928194,0.0,0,0.0,0.0,0.0
2015-09-17 12:20:00,62,0.0164679928194,0.0,0,0.0,0.0,0.0
2015-09-17 12:25:00,66,0.0164679928194,0.0,0,0.0,0.0,0.0
2015-09-17 12:30:00,71,0.0164679928194,0.0,0,0.0,0.0,0.0
2015-09-17 12:35:00,67,0.0164679928194,0.0,0,0.0,0.0,0.0
2015-09-17 12:40:00,66,0.0164679928194,0.0,0,0.0,0.0,0.0
2015-09-17 12:45:00,62,0.0164679928194,0.0,0,0.0,0.0,0.0
2015-09-17 12:50:00,62,0.0164679928194,0.0,0,0.0,0.0,0.0
2015-09-17 12:55:00,62,0.0164679928194,0.0,0,0.0,0.0,0.0
2015-09-17 13:00:00,59,0.0164679928194,0.0,0,0.0,0.0,0.0
2015-09-17 13:05:00,56,0.0164679928194,0.0,0,0.0,0.0,0.0
2015-09-17 13:10:00,41,0.0300064533939,0.40000000596,0,0.0,0.0,0.0
2015-09-17 13:15:00,63,0.0889164302638,0.949999988079,0,0.0,0.0,0.0
2015-09-17 13:20:00,46,0.111640184225,0.25,0,0.0,0.0,0.0
2015-09-17 13:25:00,47,0.132162957511,0.20000000298,0,0.0,0.0,0.0
2015-09-17 13:30:00,63,0.132162957511,0.0,0,0.0,0.0,0.0
2015-09-17 13:35:00,50,0.137625631749,0.0500000007451,0,0.0,0.0,0.0
2015-09-17 13:40:00,46,0.163877168127,0.22499999404,0,0.0,0.0,0.0
2015-09-17 13:45:00,33,0.275780881281,0.774999976158,0,0.0,0.0,0.0
2015-09-17 13:50:00,23,0.319157453077,0.649999976158,0,0.0,0.0,0.0
2015-09-17 13:55:00,26,0.263468065823,0.625,0,0.0,0.0,0.0
2015-09-17 14:00:00,19,0.305766220552,0.5,0,0.0,0.0,0.0
2015-09-17 14:05:00,27,0.288416076868,0.10000000149,0,0.0,0.0,0.0
